,Player,Nation,Pos,Age,MP,Starts,Min,90s,Gls,Ast,G+A,G-PK,PK,PKatt,CrdY,CrdR,xG,npxG,xAG,npxG+xAG,PrgC,PrgP,PrgR,Gls,Ast,G+A,G-PK,G+A-PK,xG,xAG,xG+xAG,npxG,npxG+xAG,Matches,
0,David Raya,es ESP,GK,29-211,46,46,4170.0,46.3,0.0,0.0,0.0,0.0,0.0,0.0,3.0,0.0,0.0,0.0,0.0,0.0,0.0,11.0,0.0,0.0,0.0,0.0,0.0,0.0,0.0,0.0,0.0,0.0,0.0,Matches,Arsenal
1,William Saliba,fr FRA,DF,24-021,43,42,3789.0,42.1,2.0,0.0,2.0,2.0,0.0,0.0,3.0,1.0,2.5,2.5,0.9,3.3,18.0,152.0,7.0,0.05,0.0,0.05,0.05,0.05,0.07,0.02,0.09,0.07,0.09,Matches,Arsenal
2,Gabriel Magalhães,br BRA,DF,27-116,42,40,3499.0,38.9,5.0,1.0,6.0,5.0,0.0,0.0,6.0,0.0,3.9,3.9,0.9,4.8,13.0,162.0,11.0,0.13,0.03,0.15,0.13,0.15,0.11,0.02,0.14,0.11,0.14,Matches,Arsenal
3,Declan Rice,eng ENG,MF,26-090,44,40,3432.0,38.1,7.0,9.0,16.0,7.0,0.0,0.0,8.0,1.0,4.2,4.2,7.0,11.2,97.0,208.0,102.0,0.18,0.24,0.42,0.18,0.42,0.12,0.2,0.32,0.12,0.32,Matches,Arsenal
4,Jurriën Timber,nl NED,DF,23-301,44,38,3323.0,36.9,2.0,3.0,5.0,2.0,0.0,0.0,9.0,0.0,1.4,1.4,2.0,3.4,63.0,176.0,116.0,0.05,0.08,0.14,0.05,0.14,0.04,0.06,0.1,0.04,0.1,Matches,Arsenal
5,Thomas Partey,gh GHA,"MF,DF",31-305,45,38,3310.0,36.8,4.0,2.0,6.0,4.0,0.0,0.0,6.0,0.0,2.6,2.6,2.2,4.8,41.0,189.0,55.0,0.11,0.05,0.16,0.11,0.16,0.08,0.06,0.14,0.08,0.14,Matches,Arsenal
6,Leandro Trossard,be BEL,FW,30-131,47,31,2871.0,31.9,7.0,7.0,14.0,7.0,0.0,1.0,4.0,1.0,7.7,6.9,5.7,12.6,83.0,113.0,222.0,0.22,0.22,0.44,0.22,0.44,0.26,0.19,0.46,0.24,0.43,Matches,Arsenal
7,Gabriel Martinelli,br BRA,"FW,MF",23-300,42,31,2808.0,31.2,7.0,5.0,12.0,7.0,0.0,0.0,3.0,0.0,7.4,7.4,6.3,13.7,138.0,55.0,300.0,0.22,0.16,0.38,0.22,0.38,0.27,0.23,0.5,0.27,0.5,Matches,Arsenal
8,Kai Havertz,de GER,"FW,MF",25-307,34,30,2774.0,30.8,15.0,4.0,19.0,15.0,0.0,0.0,6.0,0.0,12.0,12.0,3.5,15.5,38.0,78.0,154.0,0.49,0.13,0.62,0.49,0.62,0.45,0.13,0.58,0.45,0.58,Matches,Arsenal
9,Martin Ødegaard,no NOR,MF,26-118,36,30,2708.0,30.1,5.0,7.0,12.0,4.0,1.0,2.0,4.0,0.0,5.8,5.0,5.6,10.6,91.0,244.0,156.0,0.17,0.23,0.4,0.13,0.37,0.22,0.21,0.43,0.19,0.4,Matches,Arsenal
10,Mikel Merino,es ESP,"MF,FW",28-296,37,23,2129.0,23.7,8.0,2.0,10.0,8.0,0.0,0.0,3.0,0.0,4.8,4.8,1.6,6.4,14.0,81.0,108.0,0.34,0.08,0.42,0.34,0.42,0.23,0.08,0.31,0.23,0.31,Matches,Arsenal
11,Bukayo Saka,eng ENG,"FW,MF",23-221,28,23,1990.0,22.1,10.0,13.0,23.0,8.0,2.0,2.0,3.0,0.0,7.0,5.4,8.0,13.4,103.0,71.0,272.0,0.45,0.59,1.04,0.36,0.95,0.34,0.39,0.72,0.26,0.65,Matches,Arsenal
12,Myles Lewis-Skelly,eng ENG,DF,18-200,30,19,1646.0,18.3,1.0,1.0,2.0,1.0,0.0,0.0,4.0,2.0,0.1,0.1,0.6,0.7,31.0,71.0,28.0,0.05,0.05,0.11,0.05,0.11,0.01,0.04,0.05,0.01,0.05,Matches,Arsenal
13,Jorginho,it ITA,MF,33-115,26,16,1454.0,16.2,1.0,0.0,1.0,0.0,1.0,1.0,5.0,0.0,0.8,0.1,0.6,0.6,13.0,65.0,11.0,0.06,0.0,0.06,0.0,0.0,0.07,0.05,0.13,0.01,0.06,Matches,Arsenal
14,Riccardo Calafiori,it ITA,DF,22-330,26,16,1415.0,15.7,3.0,2.0,5.0,3.0,0.0,0.0,6.0,0.0,1.5,1.5,0.6,2.1,29.0,67.0,37.0,0.19,0.13,0.32,0.19,0.32,0.1,0.04,0.14,0.1,0.14,Matches,Arsenal
15,Jakub Kiwior,pl POL,DF,25-058,21,12,1350.0,15.0,0.0,2.0,2.0,0.0,0.0,0.0,1.0,0.0,0.1,0.1,0.9,1.1,4.0,37.0,0.0,0.0,0.13,0.13,0.0,0.13,0.01,0.08,0.09,0.01,0.09,Matches,Arsenal
16,Ethan Nwaneri,eng ENG,"FW,MF",18-024,32,15,1269.0,14.1,8.0,2.0,10.0,8.0,0.0,0.0,1.0,0.0,1.7,1.7,1.4,3.1,52.0,34.0,109.0,0.57,0.14,0.71,0.57,0.71,0.16,0.12,0.28,0.16,0.28,Matches,Arsenal
17,Gabriel Jesus,br BRA,"FW,MF",28-011,27,13,1207.0,13.4,7.0,2.0,9.0,7.0,0.0,0.0,5.0,0.0,4.4,4.4,1.1,5.5,21.0,24.0,93.0,0.52,0.15,0.67,0.52,0.67,0.45,0.12,0.57,0.45,0.57,Matches,Arsenal
18,Ben White,eng ENG,DF,27-188,18,12,1084.0,12.0,0.0,1.0,1.0,0.0,0.0,0.0,3.0,0.0,0.4,0.4,0.8,1.2,9.0,62.0,30.0,0.0,0.08,0.08,0.0,0.08,0.04,0.07,0.1,0.04,0.1,Matches,Arsenal
19,Raheem Sterling,eng ENG,FW,30-127,24,11,1003.0,11.1,1.0,5.0,6.0,1.0,0.0,1.0,5.0,0.0,2.8,2.1,1.2,3.3,33.0,20.0,91.0,0.09,0.45,0.54,0.09,0.54,0.39,0.17,0.56,0.28,0.45,Matches,Arsenal
20,Oleksandr Zinchenko,ua UKR,"DF,MF",28-120,18,6,627.0,7.0,1.0,0.0,1.0,1.0,0.0,0.0,2.0,0.0,0.4,0.4,0.7,1.1,10.0,42.0,22.0,0.14,0.0,0.14,0.14,0.14,0.07,0.11,0.18,0.07,0.18,Matches,Arsenal
21,Kieran Tierney,sct SCO,"FW,DF",27-313,14,3,354.0,3.9,0.0,0.0,0.0,0.0,0.0,0.0,0.0,0.0,0.2,0.2,1.0,1.2,6.0,16.0,21.0,0.0,0.0,0.0,0.0,0.0,0.07,0.32,0.38,0.07,0.38,Matches,Arsenal
22,Neto,br BRA,GK,35-269,1,1,90.0,1.0,0.0,0.0,0.0,0.0,0.0,0.0,0.0,0.0,0.0,0.0,0.0,0.0,0.0,0.0,0.0,0.0,0.0,0.0,0.0,0.0,0.0,0.0,0.0,0.0,0.0,Matches,Arsenal
23,Josh Nichols,eng ENG,DF,18-262,1,1,90.0,1.0,0.0,0.0,0.0,0.0,0.0,0.0,0.0,0.0,,,,,,,,0.0,0.0,0.0,0.0,0.0,,,,,,Matches,Arsenal
24,Jack Porter,eng ENG,GK,16-273,1,1,90.0,1.0,0.0,0.0,0.0,0.0,0.0,0.0,0.0,0.0,,,,,,,,0.0,0.0,0.0,0.0,0.0,,,,,,Matches,Arsenal
25,Tommy Setford,eng ENG,GK,19-032,1,1,90.0,1.0,0.0,0.0,0.0,0.0,0.0,0.0,0.0,0.0,,,,,,,,0.0,0.0,0.0,0.0,0.0,,,,,,Matches,Arsenal
26,Maldini Kacurri,al ALB,DF,19-192,1,0,21.0,0.2,0.0,0.0,0.0,0.0,0.0,0.0,0.0,0.0,,,,,,,,0.0,0.0,0.0,0.0,0.0,,,,,,Matches,Arsenal
27,Ayden Heaven,eng ENG,DF,18-204,1,0,11.0,0.1,0.0,0.0,0.0,0.0,0.0,0.0,0.0,0.0,,,,,,,,0.0,0.0,0.0,0.0,0.0,,,,,,Matches,Arsenal
28,Ismeal Kabia,eng ENG,MF,19-125,1,0,10.0,0.1,0.0,0.0,0.0,0.0,0.0,0.0,0.0,0.0,,,,,,,,0.0,0.0,0.0,0.0,0.0,,,,,,Matches,Arsenal
29,Takehiro Tomiyasu,jp JPN,DF,26-160,1,0,7.0,0.1,0.0,0.0,0.0,0.0,0.0,0.0,0.0,0.0,0.2,0.2,0.0,0.2,0.0,1.0,0.0,0.0,0.0,0.0,0.0,0.0,2.37,0.0,2.37,2.37,2.37,Matches,Arsenal
30,Reiss Nelson,eng ENG,FW,25-125,1,0,3.0,0.0,0.0,0.0,0.0,0.0,0.0,0.0,0.0,0.0,0.0,0.0,0.0,0.0,0.0,0.0,0.0,0.0,0.0,0.0,0.0,0.0,0.0,0.0,0.0,0.0,0.0,Matches,Arsenal
31,Nathan Butler-Oyedeji,eng ENG,FW,22-100,1,0,1.0,0.0,0.0,0.0,0.0,0.0,0.0,0.0,0.0,0.0,0.0,0.0,0.0,0.0,0.0,0.0,0.0,0.0,0.0,0.0,0.0,0.0,0.0,0.0,0.0,0.0,0.0,Matches,Arsenal
0,Youri Tielemans,be BEL,MF,27-342,47,47,4031.0,44.8,3.0,9.0,12.0,3.0,0.0,1.0,5.0,0.0,3.5,2.7,8.1,10.8,40.0,278.0,56.0,0.07,0.2,0.27,0.07,0.27,0.08,0.2,0.28,0.07,0.26,Matches,Aston-Villa
1,Emiliano Martínez,ar ARG,GK,32-224,45,45,3960.0,44.0,0.0,0.0,0.0,0.0,0.0,0.0,4.0,0.0,0.0,0.0,0.5,0.5,0.0,5.0,0.0,0.0,0.0,0.0,0.0,0.0,0.0,0.01,0.01,0.0,0.01,Matches,Aston-Villa
2,Morgan Rogers,eng ENG,"MF,FW",22-262,46,45,3790.0,42.1,14.0,10.0,24.0,14.0,0.0,0.0,10.0,0.0,8.8,8.8,8.8,17.6,128.0,145.0,222.0,0.33,0.24,0.57,0.33,0.57,0.22,0.22,0.45,0.22,0.45,Matches,Aston-Villa
3,Ezri Konsa,eng ENG,DF,27-173,42,41,3592.0,39.9,1.0,0.0,1.0,1.0,0.0,0.0,1.0,0.0,1.2,1.2,0.5,1.7,19.0,86.0,18.0,0.03,0.0,0.03,0.03,0.03,0.03,0.01,0.05,0.03,0.05,Matches,Aston-Villa
4,Ollie Watkins,eng ENG,FW,29-105,46,37,3029.0,33.7,15.0,12.0,27.0,13.0,2.0,3.0,1.0,0.0,17.4,15.0,5.3,20.2,58.0,32.0,187.0,0.45,0.36,0.8,0.39,0.74,0.55,0.17,0.71,0.47,0.64,Matches,Aston-Villa
5,Lucas Digne,fr FRA,DF,31-268,40,36,2997.0,33.3,0.0,6.0,6.0,0.0,0.0,0.0,5.0,0.0,1.2,1.2,4.7,5.9,32.0,73.0,176.0,0.0,0.18,0.18,0.0,0.18,0.04,0.15,0.19,0.04,0.19,Matches,Aston-Villa
6,John McGinn,sct SCO,"MF,FW",30-178,41,34,2836.0,31.5,3.0,4.0,7.0,3.0,0.0,0.0,7.0,0.0,4.1,3.7,3.7,7.5,32.0,115.0,87.0,0.1,0.13,0.22,0.1,0.22,0.14,0.13,0.27,0.13,0.26,Matches,Aston-Villa
7,Pau Torres,es ESP,DF,28-088,27,25,2229.0,24.8,0.0,1.0,1.0,0.0,0.0,0.0,2.0,0.0,0.9,0.9,0.0,1.0,38.0,90.0,5.0,0.0,0.04,0.04,0.0,0.04,0.04,0.0,0.04,0.04,0.04,Matches,Aston-Villa
8,Boubacar Kamara,fr FRA,"MF,DF",25-142,33,25,2155.0,23.9,0.0,0.0,0.0,0.0,0.0,0.0,4.0,0.0,0.5,0.5,1.0,1.5,23.0,94.0,6.0,0.0,0.0,0.0,0.0,0.0,0.02,0.05,0.07,0.02,0.07,Matches,Aston-Villa
9,Matty Cash,pl POL,"DF,FW",27-250,30,26,2134.0,23.7,1.0,1.0,2.0,1.0,0.0,0.0,7.0,0.0,1.2,1.2,1.2,2.3,49.0,52.0,84.0,0.04,0.04,0.08,0.04,0.08,0.05,0.05,0.11,0.05,0.11,Matches,Aston-Villa
10,Leon Bailey,jm JAM,FW,27-248,36,25,2028.0,22.5,2.0,4.0,6.0,2.0,0.0,0.0,4.0,0.0,2.5,2.5,3.5,6.0,79.0,48.0,160.0,0.09,0.18,0.27,0.09,0.27,0.13,0.19,0.32,0.13,0.32,Matches,Aston-Villa
11,Jacob Ramsey,eng ENG,FW,23-321,38,23,2015.0,22.4,4.0,5.0,9.0,4.0,0.0,0.0,1.0,0.0,2.7,2.7,3.6,6.3,68.0,80.0,123.0,0.18,0.22,0.4,0.18,0.4,0.14,0.18,0.32,0.14,0.32,Matches,Aston-Villa
12,Amadou Onana,be BEL,MF,23-241,27,20,1606.0,17.8,4.0,0.0,4.0,4.0,0.0,0.0,4.0,0.0,2.0,2.0,0.3,2.3,21.0,63.0,14.0,0.22,0.0,0.22,0.22,0.22,0.12,0.02,0.14,0.12,0.14,Matches,Aston-Villa
13,Tyrone Mings,eng ENG,DF,32-032,19,17,1541.0,17.1,0.0,0.0,0.0,0.0,0.0,0.0,3.0,0.0,0.9,0.9,0.3,1.2,8.0,59.0,1.0,0.0,0.0,0.0,0.0,0.0,0.06,0.02,0.08,0.06,0.08,Matches,Aston-Villa
14,Ian Maatsen,nl NED,"DF,FW",23-035,38,13,1523.0,16.9,1.0,2.0,3.0,1.0,0.0,0.0,3.0,0.0,1.0,1.0,2.5,3.5,34.0,56.0,103.0,0.06,0.12,0.18,0.06,0.18,0.08,0.2,0.27,0.08,0.27,Matches,Aston-Villa
15,Diego Carlos,br BRA,DF,32-030,17,14,1404.0,15.6,0.0,0.0,0.0,0.0,0.0,0.0,5.0,0.0,0.8,0.8,0.1,1.0,4.0,55.0,0.0,0.0,0.0,0.0,0.0,0.0,0.06,0.01,0.07,0.06,0.07,Matches,Aston-Villa
16,Jáder Durán,co COL,FW,21-122,29,7,1059.0,11.8,12.0,0.0,12.0,11.0,1.0,1.0,5.0,1.0,5.7,5.7,0.4,6.1,10.0,18.0,60.0,1.02,0.0,1.02,0.93,0.93,0.59,0.04,0.62,0.59,0.62,Matches,Aston-Villa
17,Lamare Bogarde,nl NED,"DF,MF",21-099,16,9,873.0,9.7,0.0,0.0,0.0,0.0,0.0,0.0,2.0,0.0,0.0,0.0,0.1,0.2,13.0,17.0,9.0,0.0,0.0,0.0,0.0,0.0,0.01,0.02,0.02,0.01,0.02,Matches,Aston-Villa
18,Marcus Rashford,eng ENG,FW,27-165,14,8,777.0,8.6,3.0,4.0,7.0,2.0,1.0,1.0,0.0,0.0,1.8,1.8,2.8,4.6,27.0,14.0,60.0,0.35,0.46,0.81,0.23,0.69,0.28,0.42,0.7,0.28,0.7,Matches,Aston-Villa
19,Ross Barkley,eng ENG,MF,31-130,23,5,766.0,8.5,4.0,1.0,5.0,4.0,0.0,0.0,4.0,0.0,1.7,1.7,0.6,2.3,14.0,38.0,8.0,0.47,0.12,0.59,0.47,0.59,0.24,0.08,0.32,0.24,0.32,Matches,Aston-Villa
20,Marco Asensio,es ESP,MF,29-083,13,6,677.0,7.5,8.0,1.0,9.0,7.0,1.0,3.0,1.0,0.0,6.2,3.9,0.5,4.3,17.0,33.0,24.0,1.06,0.13,1.2,0.93,1.06,1.12,0.08,1.21,0.7,0.78,Matches,Aston-Villa
21,Axel Disasi,fr FRA,DF,27-034,9,6,586.0,6.5,0.0,0.0,0.0,0.0,0.0,0.0,2.0,0.0,0.1,0.1,0.5,0.6,10.0,19.0,7.0,0.0,0.0,0.0,0.0,0.0,0.02,0.07,0.09,0.02,0.09,Matches,Aston-Villa
22,Jaden Philogene Bidace,eng ENG,FW,23-065,15,4,543.0,6.0,0.0,0.0,0.0,0.0,0.0,0.0,4.0,1.0,0.5,0.5,0.3,0.8,9.0,4.0,22.0,0.0,0.0,0.0,0.0,0.0,0.1,0.07,0.17,0.1,0.17,Matches,Aston-Villa
23,Andrés García,es ESP,"DF,MF",22-066,10,7,508.0,5.6,0.0,0.0,0.0,0.0,0.0,0.0,0.0,0.0,0.0,0.0,0.2,0.2,26.0,15.0,28.0,0.0,0.0,0.0,0.0,0.0,0.01,0.05,0.06,0.01,0.06,Matches,Aston-Villa
24,Emi Buendía,ar ARG,"FW,MF",28-110,19,3,397.0,4.4,1.0,0.0,1.0,1.0,0.0,0.0,1.0,0.0,0.7,0.7,0.1,0.7,7.0,13.0,16.0,0.23,0.0,0.23,0.23,0.23,0.28,0.03,0.31,0.28,0.31,Matches,Aston-Villa
25,Kosta Nedeljković,rs SRB,"FW,DF",19-119,10,2,356.0,4.0,0.0,0.0,0.0,0.0,0.0,0.0,0.0,0.0,0.0,0.0,0.0,0.0,1.0,6.0,2.0,0.0,0.0,0.0,0.0,0.0,0.0,0.0,0.0,0.0,0.0,Matches,Aston-Villa
26,Donyell Malen,nl NED,FW,26-095,11,3,342.0,3.8,3.0,0.0,3.0,3.0,0.0,0.0,0.0,0.0,1.6,1.6,0.1,1.6,7.0,5.0,23.0,0.79,0.0,0.79,0.79,0.79,0.55,0.02,0.57,0.55,0.57,Matches,Aston-Villa
27,Robin Olsen,se SWE,GK,35-096,4,2,270.0,3.0,0.0,0.0,0.0,0.0,0.0,0.0,0.0,0.0,0.0,0.0,0.0,0.0,0.0,0.0,0.0,0.0,0.0,0.0,0.0,0.0,0.0,0.0,0.0,0.0,0.0,Matches,Aston-Villa
28,Joe Gauci,au AUS,GK,24-284,2,2,180.0,2.0,0.0,0.0,0.0,0.0,0.0,0.0,0.0,0.0,,,,,,,,0.0,0.0,0.0,0.0,0.0,,,,,,Matches,Aston-Villa
29,Kadan Young,eng ENG,MF,19-085,2,1,98.0,1.1,0.0,0.0,0.0,0.0,0.0,0.0,0.0,0.0,,,,,,,,0.0,0.0,0.0,0.0,0.0,,,,,,Matches,Aston-Villa
30,Sil Swinkels,nl NED,DF,21-098,1,1,90.0,1.0,0.0,0.0,0.0,0.0,0.0,0.0,0.0,0.0,,,,,,,,0.0,0.0,0.0,0.0,0.0,,,,,,Matches,Aston-Villa
31,Aidan Borland,sct SCO,MF,17-354,1,0,29.0,0.3,0.0,0.0,0.0,0.0,0.0,0.0,0.0,0.0,,,,,,,,0.0,0.0,0.0,0.0,0.0,,,,,,Matches,Aston-Villa
32,Jamaldeen Jimoh,eng ENG,MF,18-194,3,0,23.0,0.3,0.0,0.0,0.0,0.0,0.0,0.0,0.0,0.0,,,,,,,,0.0,0.0,0.0,0.0,0.0,,,,,,Matches,Aston-Villa
33,Benjamin Broggio,eng ENG,FW,18-075,1,0,5.0,0.1,0.0,0.0,0.0,0.0,0.0,0.0,0.0,0.0,,,,,,,,0.0,0.0,0.0,0.0,0.0,,,,,,Matches,Aston-Villa
34,Travis Patterson,eng ENG,DF,19-190,1,0,1.0,0.0,0.0,0.0,0.0,0.0,0.0,0.0,0.0,0.0,,,,,,,,0.0,0.0,0.0,0.0,0.0,,,,,,Matches,Aston-Villa
0,Antoine Semenyo,gh GHA,FW,25-097,35,33,2997.0,33.3,9.0,5.0,14.0,8.0,1.0,1.0,10.0,0.0,8.9,8.9,5.2,14.2,124.0,93.0,242.0,0.27,0.15,0.42,0.24,0.39,0.3,0.18,0.48,0.3,0.48,Matches,Bournemouth
1,Milos Kerkez,hu HUN,DF,21-158,34,33,2941.0,32.7,2.0,5.0,7.0,2.0,0.0,0.0,6.0,0.0,0.5,0.5,3.2,3.7,85.0,130.0,151.0,0.06,0.15,0.21,0.06,0.21,0.02,0.11,0.12,0.02,0.12,Matches,Bournemouth
2,Lewis Cook,eng ENG,"MF,DF",28-070,34,31,2884.0,32.0,1.0,3.0,4.0,1.0,0.0,0.0,8.0,0.0,0.9,0.9,4.1,5.0,33.0,147.0,46.0,0.03,0.09,0.12,0.03,0.12,0.03,0.14,0.17,0.03,0.17,Matches,Bournemouth
3,Illia Zabarnyi,ua UKR,DF,22-225,32,32,2797.0,31.1,0.0,0.0,0.0,0.0,0.0,0.0,3.0,1.0,1.0,1.0,0.5,1.5,18.0,104.0,3.0,0.0,0.0,0.0,0.0,0.0,0.03,0.02,0.05,0.03,0.05,Matches,Bournemouth
4,Kepa Arrizabalaga,es ESP,GK,30-193,28,28,2550.0,28.3,0.0,0.0,0.0,0.0,0.0,0.0,3.0,0.0,0.1,0.1,0.0,0.1,0.0,0.0,0.0,0.0,0.0,0.0,0.0,0.0,0.0,0.0,0.0,0.0,0.0,Matches,Bournemouth
5,Ryan Christie,sct SCO,MF,30-051,32,30,2368.0,26.3,2.0,3.0,5.0,2.0,0.0,0.0,10.0,0.0,1.8,1.8,3.5,5.4,34.0,137.0,44.0,0.08,0.11,0.19,0.08,0.19,0.08,0.15,0.23,0.08,0.23,Matches,Bournemouth
6,Dean Huijsen,es ESP,DF,20-000,29,24,2264.0,25.2,2.0,1.0,3.0,2.0,0.0,0.0,9.0,0.0,1.7,1.7,1.9,3.6,31.0,92.0,9.0,0.08,0.04,0.12,0.08,0.12,0.08,0.09,0.17,0.08,0.17,Matches,Bournemouth
7,Justin Kluivert,nl NED,"MF,FW",25-344,33,26,2196.0,24.4,13.0,8.0,21.0,7.0,6.0,6.0,8.0,0.0,9.9,5.1,4.7,9.9,64.0,88.0,132.0,0.53,0.33,0.86,0.29,0.61,0.46,0.22,0.68,0.24,0.46,Matches,Bournemouth
8,Dango Ouattara,bf BFA,FW,23-062,33,19,1960.0,21.8,9.0,4.0,13.0,9.0,0.0,0.0,1.0,0.0,7.7,7.7,4.8,12.5,67.0,36.0,169.0,0.41,0.18,0.6,0.41,0.6,0.41,0.26,0.67,0.41,0.67,Matches,Bournemouth
9,Evanilson,br BRA,FW,25-190,27,23,1906.0,21.2,11.0,0.0,11.0,11.0,0.0,1.0,1.0,0.0,10.3,9.5,1.5,11.0,24.0,17.0,79.0,0.52,0.0,0.52,0.52,0.52,0.54,0.08,0.61,0.5,0.57,Matches,Bournemouth
10,Marcus Tavernier,eng ENG,"FW,MF",26-023,25,19,1769.0,19.7,3.0,5.0,8.0,3.0,0.0,0.0,5.0,0.0,5.2,5.2,2.8,8.0,36.0,95.0,101.0,0.15,0.25,0.41,0.15,0.41,0.31,0.17,0.48,0.31,0.48,Matches,Bournemouth
11,Tyler Adams,us USA,MF,26-059,25,18,1768.0,19.6,0.0,3.0,3.0,0.0,0.0,0.0,5.0,0.0,1.2,1.2,0.8,2.0,11.0,54.0,7.0,0.0,0.15,0.15,0.0,0.15,0.08,0.05,0.13,0.08,0.13,Matches,Bournemouth
12,Adam Smith,eng ENG,DF,33-350,21,15,1254.0,13.9,0.0,0.0,0.0,0.0,0.0,0.0,5.0,0.0,0.6,0.6,0.2,0.8,10.0,33.0,19.0,0.0,0.0,0.0,0.0,0.0,0.05,0.01,0.06,0.05,0.06,Matches,Bournemouth
13,Marcos Senesi,ar ARG,DF,27-339,15,13,1137.0,12.6,0.0,0.0,0.0,0.0,0.0,0.0,4.0,0.0,0.8,0.8,0.2,1.0,12.0,50.0,5.0,0.0,0.0,0.0,0.0,0.0,0.08,0.02,0.1,0.08,0.1,Matches,Bournemouth
14,David Brooks,wls WAL,"FW,MF",27-280,28,11,1004.0,11.2,2.0,2.0,4.0,2.0,0.0,0.0,4.0,0.0,2.2,2.2,1.7,3.9,25.0,26.0,72.0,0.18,0.18,0.36,0.18,0.36,0.25,0.19,0.44,0.25,0.44,Matches,Bournemouth
15,James Hill,eng ENG,DF,23-094,14,9,782.0,8.7,0.0,1.0,1.0,0.0,0.0,0.0,2.0,0.0,0.3,0.3,0.3,0.6,3.0,16.0,8.0,0.0,0.12,0.12,0.0,0.12,0.06,0.05,0.11,0.06,0.11,Matches,Bournemouth
16,Alex Scott,eng ENG,MF,21-236,17,6,682.0,7.6,0.0,0.0,0.0,0.0,0.0,0.0,3.0,0.0,0.5,0.5,0.3,0.8,9.0,46.0,22.0,0.0,0.0,0.0,0.0,0.0,0.09,0.05,0.14,0.09,0.14,Matches,Bournemouth
17,Mark Travers,ie IRL,GK,25-331,5,5,450.0,5.0,0.0,0.0,0.0,0.0,0.0,0.0,0.0,0.0,0.0,0.0,0.0,0.0,0.0,0.0,0.0,0.0,0.0,0.0,0.0,0.0,0.0,0.0,0.0,0.0,0.0,Matches,Bournemouth
18,Julian Araujo,mx MEX,DF,23-244,9,5,359.0,4.0,0.0,0.0,0.0,0.0,0.0,0.0,1.0,0.0,0.0,0.0,0.0,0.0,2.0,14.0,11.0,0.0,0.0,0.0,0.0,0.0,0.0,0.0,0.0,0.0,0.0,Matches,Bournemouth
19,Enes Ünal,tr TUR,"FW,MF",27-339,17,2,345.0,3.8,2.0,1.0,3.0,2.0,0.0,0.0,2.0,0.0,2.7,2.7,0.4,3.1,4.0,12.0,22.0,0.52,0.26,0.78,0.52,0.78,0.72,0.1,0.82,0.72,0.82,Matches,Bournemouth
20,Luis Sinisterra,co COL,"FW,MF",25-301,14,2,340.0,3.8,1.0,1.0,2.0,1.0,0.0,0.0,0.0,0.0,1.2,1.2,1.4,2.6,19.0,6.0,38.0,0.26,0.26,0.53,0.26,0.53,0.46,0.54,1.0,0.46,1.0,Matches,Bournemouth
21,Neto,br BRA,GK,35-269,3,3,270.0,3.0,0.0,0.0,0.0,0.0,0.0,0.0,0.0,0.0,0.0,0.0,0.0,0.0,0.0,0.0,0.0,0.0,0.0,0.0,0.0,0.0,0.0,0.0,0.0,0.0,0.0,Matches,Bournemouth
22,Daniel Jebbison,eng ENG,FW,21-244,16,2,243.0,2.7,2.0,0.0,2.0,2.0,0.0,0.0,1.0,0.0,0.2,0.2,0.2,0.4,2.0,3.0,11.0,0.74,0.0,0.74,0.74,0.74,0.25,0.24,0.48,0.25,0.48,Matches,Bournemouth
23,Philip Billing,dk DEN,MF,28-307,10,1,184.0,2.0,0.0,0.0,0.0,0.0,0.0,0.0,1.0,0.0,0.6,0.6,1.1,1.7,3.0,15.0,13.0,0.0,0.0,0.0,0.0,0.0,0.28,0.54,0.82,0.28,0.82,Matches,Bournemouth
24,Ben Winterburn,eng ENG,"FW,MF",20-222,5,2,176.0,2.0,0.0,0.0,0.0,0.0,0.0,0.0,0.0,0.0,0.0,0.0,0.0,0.0,2.0,0.0,2.0,0.0,0.0,0.0,0.0,0.0,0.0,0.0,0.0,0.0,0.0,Matches,Bournemouth
25,Julio Soler,ar ARG,DF,20-057,2,2,146.0,1.6,0.0,0.0,0.0,0.0,0.0,0.0,0.0,0.0,,,,,,,,0.0,0.0,0.0,0.0,0.0,,,,,,Matches,Bournemouth
26,Max Aarons,eng ENG,DF,25-100,4,2,131.0,1.5,0.0,0.0,0.0,0.0,0.0,0.0,0.0,0.0,0.0,0.0,0.0,0.0,1.0,8.0,3.0,0.0,0.0,0.0,0.0,0.0,0.0,0.0,0.0,0.0,0.0,Matches,Bournemouth
27,Remy Rees-Dottin,eng ENG,FW,19-039,2,0,3.0,0.0,0.0,0.0,0.0,0.0,0.0,0.0,0.0,0.0,0.0,0.0,0.0,0.0,0.0,0.0,0.0,0.0,0.0,0.0,0.0,0.0,0.0,0.0,0.0,0.0,0.0,Matches,Bournemouth
28,Zain Silcott-Duberry,ms MSR,FW,19-279,2,0,2.0,0.0,0.0,0.0,0.0,0.0,0.0,0.0,0.0,0.0,0.0,0.0,0.0,0.0,0.0,0.0,0.0,0.0,0.0,0.0,0.0,0.0,0.0,0.0,0.0,0.0,0.0,Matches,Bournemouth
29,Maxwell Wellings,eng ENG,DF,20-071,1,0,2.0,0.0,0.0,0.0,0.0,0.0,0.0,0.0,0.0,0.0,,,,,,,,0.0,0.0,0.0,0.0,0.0,,,,,,Matches,Bournemouth
0,Nathan Collins,ie IRL,DF,23-350,36,34,3097.0,34.4,2.0,2.0,4.0,2.0,0.0,0.0,5.0,0.0,2.3,2.3,1.5,3.8,25.0,109.0,17.0,0.06,0.06,0.12,0.06,0.12,0.07,0.05,0.12,0.07,0.12,Matches,Brentford
1,Bryan Mbeumo,cm CMR,FW,25-251,36,33,3037.0,33.7,16.0,6.0,22.0,11.0,5.0,5.0,2.0,0.0,10.0,6.0,7.1,13.1,107.0,120.0,292.0,0.47,0.18,0.65,0.33,0.5,0.31,0.22,0.53,0.19,0.41,Matches,Brentford
2,Keane Lewis-Potter,eng ENG,"DF,FW",24-052,37,33,2935.0,32.6,2.0,2.0,4.0,2.0,0.0,0.0,6.0,0.0,2.6,2.6,2.5,5.1,90.0,85.0,136.0,0.06,0.06,0.12,0.06,0.12,0.09,0.09,0.17,0.09,0.17,Matches,Brentford
3,Mark Flekken,nl NED,GK,31-306,33,33,2915.0,32.4,0.0,1.0,1.0,0.0,0.0,0.0,1.0,0.0,0.0,0.0,0.2,0.2,0.0,0.0,0.0,0.0,0.03,0.03,0.0,0.03,0.0,0.01,0.01,0.0,0.01,Matches,Brentford
4,Mikkel Damsgaard,dk DEN,"MF,FW",24-286,37,31,2700.0,30.0,3.0,10.0,13.0,3.0,0.0,0.0,2.0,0.0,2.6,2.6,7.3,9.9,60.0,198.0,110.0,0.1,0.33,0.43,0.1,0.43,0.1,0.27,0.37,0.1,0.37,Matches,Brentford
5,Yoane Wissa,cd COD,FW,28-224,33,29,2533.0,28.1,16.0,2.0,18.0,16.0,0.0,0.0,2.0,0.0,14.3,14.3,1.8,16.0,48.0,55.0,128.0,0.57,0.07,0.64,0.57,0.64,0.54,0.07,0.61,0.54,0.61,Matches,Brentford
6,Vitaly Janelt,de GER,MF,26-340,34,30,2474.0,27.5,1.0,3.0,4.0,1.0,0.0,0.0,3.0,0.0,0.8,0.8,2.2,3.0,17.0,80.0,37.0,0.04,0.11,0.15,0.04,0.15,0.03,0.09,0.12,0.03,0.12,Matches,Brentford
7,Sepp van den Berg,nl NED,DF,23-116,29,27,2372.0,26.4,0.0,0.0,0.0,0.0,0.0,0.0,2.0,0.0,1.3,1.3,0.2,1.5,7.0,60.0,27.0,0.0,0.0,0.0,0.0,0.0,0.06,0.01,0.06,0.06,0.06,Matches,Brentford
8,Christian Nørgaard,dk DEN,MF,31-036,29,29,2341.0,26.0,5.0,2.0,7.0,5.0,0.0,0.0,6.0,1.0,3.2,3.2,0.8,4.0,12.0,120.0,34.0,0.19,0.08,0.27,0.19,0.27,0.13,0.03,0.16,0.13,0.16,Matches,Brentford
9,Kevin Schade,de GER,FW,23-139,37,25,2260.0,25.1,8.0,3.0,11.0,8.0,0.0,0.0,3.0,0.0,5.9,5.9,3.2,9.0,54.0,32.0,137.0,0.32,0.12,0.44,0.32,0.44,0.29,0.16,0.44,0.29,0.44,Matches,Brentford
10,Ethan Pinnock,jm JAM,DF,31-321,23,22,1926.0,21.4,2.0,0.0,2.0,2.0,0.0,0.0,2.0,0.0,1.1,1.1,1.2,2.3,3.0,41.0,9.0,0.09,0.0,0.09,0.09,0.09,0.05,0.05,0.11,0.05,0.11,Matches,Brentford
11,Kristoffer Ajer,no NOR,DF,26-363,20,18,1453.0,16.1,0.0,0.0,0.0,0.0,0.0,0.0,4.0,0.0,0.8,0.8,1.2,2.0,26.0,51.0,41.0,0.0,0.0,0.0,0.0,0.0,0.05,0.08,0.13,0.05,0.13,Matches,Brentford
12,Mads Roerslev,dk DEN,DF,25-295,23,13,1379.0,15.3,0.0,2.0,2.0,0.0,0.0,0.0,2.0,0.0,0.2,0.2,3.0,3.2,17.0,51.0,54.0,0.0,0.13,0.13,0.0,0.13,0.02,0.24,0.26,0.02,0.26,Matches,Brentford
13,Yehor Yarmoliuk,ua UKR,MF,21-045,29,13,1296.0,14.4,0.0,0.0,0.0,0.0,0.0,0.0,4.0,0.0,0.6,0.6,0.3,0.9,12.0,42.0,40.0,0.0,0.0,0.0,0.0,0.0,0.06,0.02,0.08,0.06,0.08,Matches,Brentford
14,Mathias Jensen,dk DEN,MF,29-104,21,10,928.0,10.3,0.0,1.0,1.0,0.0,0.0,0.0,1.0,0.0,0.2,0.2,1.5,1.7,6.0,54.0,25.0,0.0,0.1,0.1,0.0,0.1,0.03,0.17,0.2,0.03,0.2,Matches,Brentford
15,Fabio Carvalho,pt POR,"FW,MF",22-228,24,8,843.0,9.4,3.0,3.0,6.0,3.0,0.0,0.0,1.0,0.0,2.5,2.5,0.7,3.2,9.0,17.0,23.0,0.32,0.32,0.64,0.32,0.64,0.49,0.13,0.62,0.49,0.62,Matches,Brentford
16,Ben Mee,eng ENG,DF,35-206,11,6,543.0,6.0,0.0,0.0,0.0,0.0,0.0,0.0,2.0,0.0,0.0,0.0,0.0,0.0,3.0,11.0,2.0,0.0,0.0,0.0,0.0,0.0,0.0,0.0,0.0,0.0,0.0,Matches,Brentford
17,Hákon Rafn Valdimarsson,is ISL,GK,23-184,5,4,415.0,4.6,0.0,0.0,0.0,0.0,0.0,0.0,0.0,0.0,0.0,0.0,0.0,0.0,0.0,0.0,0.0,0.0,0.0,0.0,0.0,0.0,0.0,0.0,0.0,0.0,0.0,Matches,Brentford
18,Edmond-Paris Maghoma,eng ENG,"MF,FW",23-342,10,1,206.0,2.3,0.0,0.0,0.0,0.0,0.0,0.0,0.0,0.0,0.1,0.1,0.1,0.2,4.0,13.0,4.0,0.0,0.0,0.0,0.0,0.0,0.09,0.08,0.17,0.09,0.17,Matches,Brentford
19,Jayden Meghoma,eng ENG,DF,18-291,4,2,174.0,1.9,0.0,0.0,0.0,0.0,0.0,0.0,0.0,0.0,0.0,0.0,0.0,0.0,0.0,0.0,0.0,0.0,0.0,0.0,0.0,0.0,0.0,0.0,0.0,0.0,0.0,Matches,Brentford
20,Ryan Trevitt,eng ENG,MF,22-034,3,2,169.0,1.9,0.0,0.0,0.0,0.0,0.0,0.0,0.0,0.0,0.0,0.0,0.0,0.0,0.0,0.0,1.0,0.0,0.0,0.0,0.0,0.0,0.0,0.0,0.0,0.0,0.0,Matches,Brentford
21,Kim Jisoo,kr KOR,DF,20-112,5,1,134.0,1.5,0.0,0.0,0.0,0.0,0.0,0.0,0.0,0.0,0.0,0.0,0.0,0.0,0.0,2.0,0.0,0.0,0.0,0.0,0.0,0.0,0.0,0.0,0.0,0.0,0.0,Matches,Brentford
22,Thiago,br BRA,FW,23-293,4,1,132.0,1.5,0.0,0.0,0.0,0.0,0.0,0.0,0.0,0.0,0.1,0.1,0.1,0.2,3.0,2.0,4.0,0.0,0.0,0.0,0.0,0.0,0.07,0.05,0.11,0.07,0.11,Matches,Brentford
23,Frank Onyeka,ng NGA,MF,27-104,3,1,113.0,1.3,0.0,0.0,0.0,0.0,0.0,0.0,0.0,0.0,0.0,0.0,0.0,0.0,0.0,1.0,0.0,0.0,0.0,0.0,0.0,0.0,0.0,0.0,0.0,0.0,0.0,Matches,Brentford
24,Rico Henry,eng ENG,DF,27-281,2,1,66.0,0.7,0.0,0.0,0.0,0.0,0.0,0.0,0.0,0.0,0.0,0.0,0.0,0.0,0.0,0.0,1.0,0.0,0.0,0.0,0.0,0.0,0.0,0.0,0.0,0.0,0.0,Matches,Brentford
25,Michael Kayode,it ITA,DF,20-279,6,0,63.0,0.7,0.0,0.0,0.0,0.0,0.0,0.0,0.0,0.0,0.0,0.0,0.2,0.2,3.0,1.0,8.0,0.0,0.0,0.0,0.0,0.0,0.0,0.21,0.21,0.0,0.21,Matches,Brentford
26,Yunus Emre Konak,tr TUR,"FW,MF",19-095,9,0,61.0,0.7,0.0,0.0,0.0,0.0,0.0,0.0,0.0,0.0,0.2,0.2,0.0,0.2,1.0,2.0,1.0,0.0,0.0,0.0,0.0,0.0,0.44,0.0,0.44,0.44,0.44,Matches,Brentford
27,Myles Peart-Harris,eng ENG,MF,22-209,1,0,7.0,0.1,0.0,0.0,0.0,0.0,0.0,0.0,0.0,0.0,,,,,,,,0.0,0.0,0.0,0.0,0.0,,,,,,Matches,Brentford
28,Tony Yogane,eng ENG,MF,19-203,1,0,7.0,0.1,0.0,0.0,0.0,0.0,0.0,0.0,0.0,0.0,,,,,,,,0.0,0.0,0.0,0.0,0.0,,,,,,Matches,Brentford
29,Gustavo Nunes,br BRA,MF,19-146,1,0,1.0,0.0,0.0,0.0,0.0,0.0,0.0,0.0,0.0,0.0,0.0,0.0,0.0,0.0,0.0,0.0,0.0,0.0,0.0,0.0,0.0,0.0,0.0,0.0,0.0,0.0,0.0,Matches,Brentford
0,Bart Verbruggen,nl NED,GK,22-240,34,34,3120.0,34.7,0.0,1.0,1.0,0.0,0.0,0.0,5.0,0.0,0.0,0.0,0.0,0.0,0.0,2.0,0.0,0.0,0.03,0.03,0.0,0.03,0.0,0.0,0.0,0.0,0.0,Matches,Brighton-and-Hove-Albion
1,Jan Paul van Hecke,nl NED,DF,24-311,34,33,2996.0,33.3,1.0,1.0,2.0,1.0,0.0,0.0,7.0,1.0,1.3,1.3,1.5,2.7,50.0,199.0,5.0,0.03,0.03,0.06,0.03,0.06,0.05,0.05,0.1,0.05,0.1,Matches,Brighton-and-Hove-Albion
2,Kaoru Mitoma,jp JPN,"FW,MF",27-330,36,32,2823.0,31.4,8.0,3.0,11.0,8.0,0.0,0.0,1.0,0.0,7.5,7.5,4.4,11.9,135.0,80.0,274.0,0.26,0.1,0.35,0.26,0.35,0.27,0.16,0.44,0.27,0.44,Matches,Brighton-and-Hove-Albion
3,Carlos Baleba,cm CMR,MF,21-102,34,31,2651.0,29.5,3.0,2.0,5.0,3.0,0.0,0.0,9.0,1.0,3.0,3.0,1.3,4.2,37.0,108.0,26.0,0.1,0.07,0.17,0.1,0.17,0.12,0.05,0.18,0.12,0.18,Matches,Brighton-and-Hove-Albion
4,Pervis Estupiñán,ec ECU,DF,27-084,31,25,2396.0,26.6,1.0,1.0,2.0,1.0,0.0,0.0,6.0,0.0,0.7,0.7,2.0,2.7,52.0,94.0,98.0,0.04,0.04,0.08,0.04,0.08,0.03,0.09,0.12,0.03,0.12,Matches,Brighton-and-Hove-Albion
5,João Pedro,br BRA,"FW,MF",23-201,29,23,2073.0,23.0,10.0,7.0,17.0,5.0,5.0,5.0,4.0,0.0,8.9,4.9,4.8,9.8,64.0,76.0,123.0,0.43,0.3,0.74,0.22,0.52,0.42,0.23,0.65,0.23,0.47,Matches,Brighton-and-Hove-Albion
6,Danny Welbeck,eng ENG,FW,34-140,31,21,1957.0,21.7,9.0,4.0,13.0,9.0,0.0,0.0,3.0,0.0,7.8,7.8,1.0,8.8,17.0,36.0,71.0,0.41,0.18,0.6,0.41,0.6,0.42,0.05,0.47,0.42,0.47,Matches,Brighton-and-Hove-Albion
7,Georginio Rutter,fr FRA,"MF,FW",22-360,32,23,1945.0,21.6,8.0,4.0,12.0,8.0,0.0,0.0,3.0,0.0,4.6,4.6,2.5,7.1,42.0,67.0,79.0,0.37,0.19,0.56,0.37,0.56,0.25,0.14,0.39,0.25,0.39,Matches,Brighton-and-Hove-Albion
8,Yasin Ayari,se SWE,MF,21-191,33,21,1928.0,21.4,0.0,1.0,1.0,0.0,0.0,0.0,4.0,0.0,2.2,2.2,2.1,4.3,26.0,63.0,55.0,0.0,0.05,0.05,0.0,0.05,0.12,0.12,0.24,0.12,0.24,Matches,Brighton-and-Hove-Albion
9,Jack Hinshelwood,eng ENG,"DF,MF",20-004,25,22,1925.0,21.4,2.0,0.0,2.0,2.0,0.0,0.0,5.0,0.0,1.4,1.4,0.9,2.3,16.0,55.0,41.0,0.09,0.0,0.09,0.09,0.09,0.08,0.05,0.14,0.08,0.14,Matches,Brighton-and-Hove-Albion
10,Lewis Dunk,eng ENG,DF,33-145,24,21,1888.0,21.0,0.0,0.0,0.0,0.0,0.0,0.0,5.0,0.0,0.7,0.7,0.5,1.2,20.0,134.0,3.0,0.0,0.0,0.0,0.0,0.0,0.03,0.03,0.06,0.03,0.06,Matches,Brighton-and-Hove-Albion
11,Yankuba Minteh,gm GAM,"FW,MF",20-267,31,20,1835.0,20.4,6.0,5.0,11.0,6.0,0.0,0.0,6.0,0.0,3.5,3.5,4.7,8.3,61.0,33.0,149.0,0.29,0.25,0.54,0.29,0.54,0.23,0.3,0.53,0.23,0.53,Matches,Brighton-and-Hove-Albion
12,Joël Veltman,nl NED,DF,33-090,22,21,1833.0,20.4,0.0,2.0,2.0,0.0,0.0,0.0,5.0,0.0,0.5,0.5,0.5,0.9,29.0,79.0,32.0,0.0,0.1,0.1,0.0,0.1,0.03,0.03,0.05,0.03,0.05,Matches,Brighton-and-Hove-Albion
13,Igor,br BRA,DF,27-067,15,12,1173.0,13.0,0.0,0.0,0.0,0.0,0.0,0.0,5.0,0.0,0.0,0.0,0.2,0.2,9.0,44.0,0.0,0.0,0.0,0.0,0.0,0.0,0.0,0.02,0.02,0.0,0.02,Matches,Brighton-and-Hove-Albion
14,Simon Adingra,ci CIV,"FW,MF",23-104,27,11,1143.0,12.7,5.0,1.0,6.0,5.0,0.0,0.0,0.0,0.0,2.2,2.2,1.7,3.9,30.0,14.0,104.0,0.39,0.08,0.47,0.39,0.47,0.23,0.19,0.43,0.23,0.43,Matches,Brighton-and-Hove-Albion
15,Adam Webster,eng ENG,DF,30-101,17,13,1122.0,12.5,1.0,1.0,2.0,1.0,0.0,0.0,2.0,0.0,0.0,0.0,0.5,0.5,7.0,40.0,2.0,0.08,0.08,0.16,0.08,0.16,0.0,0.07,0.08,0.0,0.08,Matches,Brighton-and-Hove-Albion
16,Tariq Lamptey,gh GHA,DF,24-197,18,13,1122.0,12.5,3.0,2.0,5.0,3.0,0.0,0.0,2.0,1.0,0.4,0.4,0.8,1.2,25.0,12.0,40.0,0.24,0.16,0.4,0.24,0.4,0.05,0.09,0.14,0.05,0.14,Matches,Brighton-and-Hove-Albion
17,Brajan Gruda,de GER,"FW,MF",20-319,20,7,698.0,7.8,0.0,2.0,2.0,0.0,0.0,0.0,1.0,0.0,0.4,0.4,0.7,1.1,15.0,17.0,46.0,0.0,0.26,0.26,0.0,0.26,0.07,0.13,0.2,0.07,0.2,Matches,Brighton-and-Hove-Albion
18,Mats Wieffer,nl NED,MF,25-150,22,5,673.0,7.5,1.0,1.0,2.0,1.0,0.0,0.0,4.0,0.0,0.5,0.5,0.8,1.3,5.0,37.0,9.0,0.13,0.13,0.27,0.13,0.27,0.09,0.14,0.23,0.09,0.23,Matches,Brighton-and-Hove-Albion
19,Matt O'Riley,dk DEN,MF,24-145,17,8,623.0,6.9,1.0,1.0,2.0,1.0,0.0,0.0,1.0,0.0,1.8,1.8,1.2,3.1,13.0,27.0,34.0,0.14,0.14,0.29,0.14,0.29,0.27,0.18,0.45,0.27,0.45,Matches,Brighton-and-Hove-Albion
20,Julio Enciso,py PAR,"MF,FW",21-082,16,6,583.0,6.5,1.0,1.0,2.0,1.0,0.0,0.0,0.0,0.0,1.0,1.0,0.2,1.2,11.0,14.0,17.0,0.15,0.15,0.31,0.15,0.31,0.31,0.07,0.38,0.31,0.38,Matches,Brighton-and-Hove-Albion
21,Diego Gómez,py PAR,MF,22-019,13,4,533.0,5.9,0.0,0.0,0.0,0.0,0.0,0.0,1.0,0.0,0.3,0.3,0.5,0.8,5.0,18.0,12.0,0.0,0.0,0.0,0.0,0.0,0.07,0.11,0.18,0.07,0.18,Matches,Brighton-and-Hove-Albion
22,Jason Steele,eng ENG,GK,34-240,5,5,450.0,5.0,0.0,0.0,0.0,0.0,0.0,0.0,0.0,0.0,0.0,0.0,0.0,0.0,0.0,0.0,0.0,0.0,0.0,0.0,0.0,0.0,0.0,0.0,0.0,0.0,0.0,Matches,Brighton-and-Hove-Albion
23,Ferdi Kadioglu,tr TUR,"DF,MF",25-190,8,6,439.0,4.9,2.0,0.0,2.0,2.0,0.0,0.0,1.0,0.0,0.4,0.4,0.2,0.6,1.0,15.0,27.0,0.41,0.0,0.41,0.41,0.41,0.1,0.04,0.14,0.1,0.14,Matches,Brighton-and-Hove-Albion
24,Evan Ferguson,ie IRL,FW,20-178,15,4,398.0,4.4,1.0,0.0,1.0,1.0,0.0,0.0,1.0,0.0,0.5,0.5,0.4,1.0,2.0,1.0,9.0,0.23,0.0,0.23,0.23,0.23,0.2,0.15,0.35,0.2,0.35,Matches,Brighton-and-Hove-Albion
25,James Milner,eng ENG,MF,39-101,3,3,169.0,1.9,0.0,0.0,0.0,0.0,0.0,0.0,1.0,0.0,0.2,0.2,0.2,0.4,1.0,10.0,10.0,0.0,0.0,0.0,0.0,0.0,0.09,0.12,0.21,0.09,0.21,Matches,Brighton-and-Hove-Albion
26,Jakub Moder,pl POL,MF,26-008,7,2,161.0,1.8,0.0,0.0,0.0,0.0,0.0,0.0,1.0,0.0,0.0,0.0,0.2,0.2,2.0,4.0,0.0,0.0,0.0,0.0,0.0,0.0,0.0,1.45,1.45,0.0,1.45,Matches,Brighton-and-Hove-Albion
27,Solly March,eng ENG,"MF,FW",30-269,8,0,131.0,1.5,1.0,1.0,2.0,1.0,0.0,0.0,2.0,0.0,0.1,0.1,0.3,0.3,1.0,1.0,10.0,0.69,0.69,1.37,0.69,1.37,0.07,0.31,0.38,0.07,0.38,Matches,Brighton-and-Hove-Albion
28,Billy Gilmour,sct SCO,MF,23-308,2,1,98.0,1.1,0.0,0.0,0.0,0.0,0.0,0.0,0.0,0.0,0.1,0.1,0.0,0.1,2.0,11.0,2.0,0.0,0.0,0.0,0.0,0.0,0.07,0.0,0.07,0.07,0.07,Matches,Brighton-and-Hove-Albion
29,Jeremy Sarmiento,ec ECU,MF,22-303,2,1,87.0,1.0,1.0,0.0,1.0,1.0,0.0,0.0,0.0,0.0,0.0,0.0,0.0,0.0,0.0,0.0,2.0,1.03,0.0,1.03,1.03,1.03,0.0,0.0,0.0,0.0,0.0,Matches,Brighton-and-Hove-Albion
30,Mark O'Mahony,ie IRL,FW,20-091,1,0,82.0,0.9,1.0,0.0,1.0,1.0,0.0,0.0,0.0,0.0,,,,,,,,1.1,0.0,1.1,1.1,1.1,,,,,,Matches,Brighton-and-Hove-Albion
31,Imari Samuels,eng ENG,DF,22-069,1,1,70.0,0.8,0.0,0.0,0.0,0.0,0.0,0.0,0.0,0.0,,,,,,,,0.0,0.0,0.0,0.0,0.0,,,,,,Matches,Brighton-and-Hove-Albion
32,Ruairi Mcconville,nir NIR,DF,19-349,1,0,20.0,0.2,0.0,0.0,0.0,0.0,0.0,0.0,0.0,0.0,,,,,,,,0.0,0.0,0.0,0.0,0.0,,,,,,Matches,Brighton-and-Hove-Albion
33,Cameron Peupion,au AUS,MF,22-204,1,0,19.0,0.2,0.0,1.0,1.0,0.0,0.0,0.0,0.0,0.0,,,,,,,,0.0,4.74,4.74,0.0,4.74,,,,,,Matches,Brighton-and-Hove-Albion
34,Eiran Cashin,ie IRL,DF,23-157,1,0,19.0,0.2,0.0,0.0,0.0,0.0,0.0,0.0,0.0,0.0,0.0,0.0,0.0,0.0,0.0,5.0,1.0,0.0,0.0,0.0,0.0,0.0,0.0,0.0,0.0,0.0,0.0,Matches,Brighton-and-Hove-Albion
35,Jensen Weir,sct SCO,MF,23-074,1,0,12.0,0.1,0.0,0.0,0.0,0.0,0.0,0.0,0.0,0.0,,,,,,,,0.0,0.0,0.0,0.0,0.0,,,,,,Matches,Brighton-and-Hove-Albion
36,Odeluga Offiah,eng ENG,DF,22-171,1,0,11.0,0.1,0.0,0.0,0.0,0.0,0.0,0.0,0.0,0.0,,,,,,,,0.0,0.0,0.0,0.0,0.0,,,,,,Matches,Brighton-and-Hove-Albion
0,Moisés Caicedo,ec ECU,MF,23-163,35,35,3024.0,33.6,1.0,2.0,3.0,1.0,0.0,0.0,10.0,0.0,0.7,0.7,2.9,3.6,37.0,180.0,32.0,0.03,0.06,0.09,0.03,0.09,0.02,0.09,0.12,0.02,0.12,Matches,Chelsea
1,Marc Cucurella,es ESP,DF,26-266,38,31,2997.0,33.3,5.0,3.0,8.0,5.0,0.0,0.0,10.0,1.0,2.2,2.2,1.8,4.0,29.0,92.0,102.0,0.15,0.09,0.24,0.15,0.24,0.08,0.07,0.15,0.08,0.15,Matches,Chelsea
2,Cole Palmer,eng ENG,MF,22-343,35,33,2903.0,32.3,14.0,8.0,22.0,11.0,3.0,4.0,6.0,0.0,15.8,12.6,9.2,21.8,96.0,184.0,159.0,0.43,0.25,0.68,0.34,0.59,0.54,0.31,0.85,0.43,0.74,Matches,Chelsea
3,Enzo Fernández,ar ARG,MF,24-087,36,30,2737.0,30.4,6.0,9.0,15.0,6.0,0.0,0.0,8.0,0.0,5.3,5.3,5.7,11.0,53.0,185.0,103.0,0.2,0.3,0.49,0.2,0.49,0.2,0.21,0.41,0.2,0.41,Matches,Chelsea
4,Levi Colwill,eng ENG,DF,22-047,31,29,2699.0,30.0,1.0,1.0,2.0,1.0,0.0,0.0,7.0,0.0,1.0,1.0,1.1,2.2,12.0,121.0,9.0,0.03,0.03,0.07,0.03,0.07,0.04,0.04,0.07,0.04,0.07,Matches,Chelsea
5,Robert Sánchez,es ESP,GK,27-147,28,28,2520.0,28.0,0.0,0.0,0.0,0.0,0.0,0.0,5.0,0.0,0.0,0.0,0.0,0.0,0.0,1.0,0.0,0.0,0.0,0.0,0.0,0.0,0.0,0.0,0.0,0.0,0.0,Matches,Chelsea
6,Pedro Neto,pt POR,FW,25-036,36,25,2196.0,24.4,5.0,4.0,9.0,5.0,0.0,0.0,8.0,0.0,2.5,2.5,5.4,7.8,101.0,49.0,200.0,0.2,0.16,0.37,0.2,0.37,0.13,0.28,0.41,0.13,0.41,Matches,Chelsea
7,Tosin Adarabioyo,eng ENG,DF,27-202,29,23,2082.0,23.1,4.0,1.0,5.0,4.0,0.0,0.0,4.0,0.0,0.9,0.9,0.2,1.1,5.0,37.0,1.0,0.17,0.04,0.22,0.17,0.22,0.07,0.02,0.08,0.07,0.08,Matches,Chelsea
8,Malo Gusto,fr FRA,DF,21-330,32,23,2054.0,22.8,0.0,2.0,2.0,0.0,0.0,0.0,4.0,0.0,1.7,1.7,1.2,2.9,47.0,112.0,81.0,0.0,0.09,0.09,0.0,0.09,0.08,0.06,0.15,0.08,0.15,Matches,Chelsea
9,Jadon Sancho,eng ENG,FW,25-020,32,22,1990.0,22.1,3.0,8.0,11.0,3.0,0.0,0.0,1.0,0.0,1.9,1.9,3.4,5.3,91.0,81.0,203.0,0.14,0.36,0.5,0.14,0.5,0.11,0.19,0.3,0.11,0.3,Matches,Chelsea
10,Nicolas Jackson,sn SEN,FW,23-298,26,24,1948.0,21.6,9.0,5.0,14.0,9.0,0.0,0.0,7.0,0.0,12.1,12.1,4.1,16.2,43.0,32.0,107.0,0.42,0.23,0.65,0.42,0.65,0.56,0.19,0.75,0.56,0.75,Matches,Chelsea
11,Christopher Nkunku,fr FRA,FW,27-151,39,19,1809.0,20.1,12.0,5.0,17.0,10.0,2.0,4.0,2.0,0.0,4.8,4.8,2.1,6.9,17.0,25.0,68.0,0.6,0.25,0.85,0.5,0.75,0.47,0.21,0.68,0.47,0.67,Matches,Chelsea
12,Noni Madueke,eng ENG,FW,23-035,30,22,1742.0,19.4,9.0,4.0,13.0,9.0,0.0,0.0,3.0,0.0,7.9,7.9,3.9,11.8,122.0,60.0,194.0,0.46,0.21,0.67,0.46,0.67,0.44,0.22,0.66,0.44,0.66,Matches,Chelsea
13,Filip Jørgensen,dk DEN,GK,22-363,17,17,1530.0,17.0,0.0,0.0,0.0,0.0,0.0,0.0,1.0,0.0,0.0,0.0,0.0,0.0,0.0,0.0,0.0,0.0,0.0,0.0,0.0,0.0,0.0,0.0,0.0,0.0,0.0,Matches,Chelsea
14,Kiernan Dewsbury-Hall,eng ENG,"MF,FW",26-220,23,13,1202.0,13.4,3.0,1.0,4.0,3.0,0.0,0.0,1.0,0.0,0.2,0.2,1.1,1.3,5.0,14.0,11.0,0.22,0.07,0.3,0.22,0.3,0.08,0.37,0.45,0.08,0.45,Matches,Chelsea
15,Wesley Fofana,fr FRA,DF,24-118,14,14,1172.0,13.0,0.0,0.0,0.0,0.0,0.0,0.0,7.0,0.0,0.4,0.4,0.4,0.8,19.0,32.0,4.0,0.0,0.0,0.0,0.0,0.0,0.03,0.03,0.07,0.03,0.06,Matches,Chelsea
16,Axel Disasi,fr FRA,DF,27-034,15,13,1114.0,12.4,2.0,2.0,4.0,2.0,0.0,0.0,3.0,0.0,0.3,0.3,0.1,0.4,6.0,16.0,2.0,0.16,0.16,0.32,0.16,0.32,0.07,0.02,0.09,0.07,0.09,Matches,Chelsea
17,Benoît Badiashile,fr FRA,DF,24-019,14,12,1099.0,12.2,0.0,0.0,0.0,0.0,0.0,0.0,2.0,0.0,0.0,0.0,0.0,0.0,3.0,17.0,2.0,0.0,0.0,0.0,0.0,0.0,0.0,0.0,0.0,0.0,0.0,Matches,Chelsea
18,Renato Veiga,pt POR,"DF,MF",21-259,16,10,991.0,11.0,2.0,1.0,3.0,2.0,0.0,0.0,3.0,0.0,0.1,0.1,0.0,0.1,4.0,7.0,3.0,0.18,0.09,0.27,0.18,0.27,0.07,0.0,0.07,0.07,0.07,Matches,Chelsea
19,Reece James,eng ENG,"DF,MF",25-127,17,12,970.0,10.8,2.0,1.0,3.0,2.0,0.0,0.0,1.0,0.0,0.2,0.2,0.5,0.7,5.0,46.0,8.0,0.19,0.09,0.28,0.19,0.28,0.03,0.06,0.08,0.03,0.08,Matches,Chelsea
20,João Félix,pt POR,"FW,MF",25-155,20,9,954.0,10.6,7.0,2.0,9.0,7.0,0.0,0.0,4.0,0.0,2.2,2.2,1.0,3.2,21.0,26.0,30.0,0.66,0.19,0.85,0.66,0.85,0.54,0.23,0.78,0.54,0.78,Matches,Chelsea
21,Trevoh Chalobah,eng ENG,DF,25-283,12,10,836.0,9.3,0.0,1.0,1.0,0.0,0.0,0.0,1.0,0.0,0.7,0.7,1.2,1.9,2.0,24.0,2.0,0.0,0.11,0.11,0.0,0.11,0.12,0.19,0.3,0.12,0.3,Matches,Chelsea
22,Tyrique George,eng ENG,FW,19-069,17,7,767.0,8.5,1.0,4.0,5.0,1.0,0.0,0.0,1.0,0.0,0.1,0.1,0.7,0.8,9.0,2.0,16.0,0.12,0.47,0.59,0.12,0.59,0.13,0.73,0.86,0.13,0.86,Matches,Chelsea
23,Mykhailo Mudryk,ua UKR,FW,24-099,13,7,691.0,7.7,3.0,2.0,5.0,3.0,0.0,0.0,0.0,0.0,0.3,0.3,1.0,1.2,7.0,5.0,12.0,0.39,0.26,0.65,0.39,0.65,0.15,0.58,0.73,0.15,0.73,Matches,Chelsea
24,Roméo Lavia,be BEL,MF,21-098,12,9,586.0,6.5,0.0,1.0,1.0,0.0,0.0,0.0,4.0,0.0,0.2,0.2,0.7,0.9,3.0,18.0,6.0,0.0,0.15,0.15,0.0,0.15,0.03,0.11,0.14,0.03,0.14,Matches,Chelsea
25,Joshua Acheampong,eng ENG,DF,18-344,9,6,513.0,5.7,0.0,0.0,0.0,0.0,0.0,0.0,1.0,0.0,0.2,0.2,0.0,0.2,0.0,8.0,0.0,0.0,0.0,0.0,0.0,0.0,0.12,0.0,0.12,0.12,0.12,Matches,Chelsea
26,Marc Guiu,es ESP,FW,19-100,11,5,461.0,5.1,6.0,0.0,6.0,6.0,0.0,0.0,0.0,0.0,0.0,0.0,0.0,0.0,0.0,0.0,3.0,1.17,0.0,1.17,1.17,1.17,0.0,0.04,0.04,0.0,0.04,Matches,Chelsea
27,Cesare Casadei,it ITA,MF,22-094,6,4,425.0,4.7,0.0,0.0,0.0,0.0,0.0,0.0,2.0,1.0,,,,,,,,0.0,0.0,0.0,0.0,0.0,,,,,,Matches,Chelsea
28,Carney Chukwuemeka,eng ENG,MF,21-176,5,1,133.0,1.5,0.0,0.0,0.0,0.0,0.0,0.0,0.0,0.0,,,,,,,,0.0,0.0,0.0,0.0,0.0,,,,,,Matches,Chelsea
29,Samuel Rak-Sakyi,eng ENG,MF,20-018,4,1,107.0,1.2,0.0,0.0,0.0,0.0,0.0,0.0,0.0,0.0,,,,,,,,0.0,0.0,0.0,0.0,0.0,,,,,,Matches,Chelsea
30,Shumaira Mheuka,eng ENG,MF,17-176,4,1,75.0,0.8,0.0,0.0,0.0,0.0,0.0,0.0,0.0,0.0,0.1,0.1,0.0,0.1,0.0,0.0,0.0,0.0,0.0,0.0,0.0,0.0,5.06,0.0,5.06,5.06,5.06,Matches,Chelsea
31,Harvey Vale,eng ENG,MF,21-215,2,0,69.0,0.8,0.0,0.0,0.0,0.0,0.0,0.0,0.0,0.0,,,,,,,,0.0,0.0,0.0,0.0,0.0,,,,,,Matches,Chelsea
32,Ato Ampah,eng ENG,FW,18-357,1,0,45.0,0.5,0.0,0.0,0.0,0.0,0.0,0.0,0.0,0.0,,,,,,,,0.0,0.0,0.0,0.0,0.0,,,,,,Matches,Chelsea
33,Ben Chilwell,eng ENG,"DF,MF",28-114,1,0,45.0,0.5,0.0,0.0,0.0,0.0,0.0,0.0,0.0,0.0,,,,,,,,0.0,0.0,0.0,0.0,0.0,,,,,,Matches,Chelsea
34,Harrison Murray-Campbell,eng ENG,DF,18-253,1,0,32.0,0.4,0.0,0.0,0.0,0.0,0.0,0.0,0.0,0.0,,,,,,,,0.0,0.0,0.0,0.0,0.0,,,,,,Matches,Chelsea
35,Mathis Amougou,fr FRA,MF,19-086,2,0,24.0,0.3,0.0,0.0,0.0,0.0,0.0,0.0,0.0,0.0,0.0,0.0,0.0,0.0,0.0,1.0,0.0,0.0,0.0,0.0,0.0,0.0,0.0,0.0,0.0,0.0,0.0,Matches,Chelsea
36,Kiano Dyer,eng ENG,MF,18-144,1,0,5.0,0.1,0.0,0.0,0.0,0.0,0.0,0.0,0.0,0.0,,,,,,,,0.0,0.0,0.0,0.0,0.0,,,,,,Matches,Chelsea
37,Genesis Antwi,se SWE,MF,17-338,1,0,1.0,0.0,0.0,0.0,0.0,0.0,0.0,0.0,0.0,0.0,,,,,,,,0.0,0.0,0.0,0.0,0.0,,,,,,Matches,Chelsea
0,Marc Guéhi,eng ENG,DF,24-276,37,37,3329.0,37.0,3.0,2.0,5.0,3.0,0.0,0.0,10.0,1.0,1.7,1.7,1.1,2.8,17.0,119.0,8.0,0.08,0.05,0.14,0.08,0.14,0.06,0.04,0.1,0.06,0.1,Matches,Crystal-Palace
1,Daniel Muñoz,co COL,DF,28-324,37,37,3210.0,35.7,6.0,5.0,11.0,6.0,0.0,0.0,10.0,0.0,4.2,4.2,3.9,8.0,45.0,72.0,170.0,0.17,0.14,0.31,0.17,0.31,0.14,0.13,0.28,0.14,0.28,Matches,Crystal-Palace
2,Dean Henderson,eng ENG,GK,28-034,35,35,3150.0,35.0,0.0,1.0,1.0,0.0,0.0,0.0,4.0,0.0,0.0,0.0,0.1,0.1,0.0,0.0,0.0,0.0,0.03,0.03,0.0,0.03,0.0,0.0,0.0,0.0,0.0,Matches,Crystal-Palace
3,Tyrick Mitchell,eng ENG,DF,25-226,37,37,3072.0,34.1,0.0,5.0,5.0,0.0,0.0,0.0,2.0,0.0,1.2,1.2,5.3,6.6,52.0,56.0,145.0,0.0,0.15,0.15,0.0,0.15,0.04,0.19,0.23,0.04,0.23,Matches,Crystal-Palace
4,Maxence Lacroix,fr FRA,DF,25-009,34,34,3026.0,33.6,1.0,1.0,2.0,1.0,0.0,0.0,6.0,0.0,2.8,2.8,0.4,3.2,8.0,54.0,6.0,0.03,0.03,0.06,0.03,0.06,0.1,0.01,0.12,0.1,0.12,Matches,Crystal-Palace
5,Jean-Philippe Mateta,fr FRA,FW,27-291,37,35,2786.0,31.0,16.0,3.0,19.0,14.0,2.0,2.0,3.0,0.0,11.6,10.0,3.0,13.0,34.0,44.0,111.0,0.52,0.1,0.61,0.45,0.55,0.45,0.12,0.57,0.39,0.51,Matches,Crystal-Palace
6,Eberechi Eze,eng ENG,"MF,FW",26-290,34,32,2692.0,29.9,8.0,11.0,19.0,8.0,0.0,0.0,1.0,0.0,7.0,7.0,4.7,11.8,62.0,84.0,136.0,0.27,0.37,0.64,0.27,0.64,0.29,0.2,0.49,0.29,0.49,Matches,Crystal-Palace
7,Ismaila Sarr,sn SEN,"MF,FW",27-049,38,28,2553.0,28.4,8.0,4.0,12.0,8.0,0.0,0.0,3.0,0.0,8.2,8.2,6.7,14.9,61.0,71.0,156.0,0.28,0.14,0.42,0.28,0.42,0.34,0.27,0.61,0.34,0.61,Matches,Crystal-Palace
8,Jefferson Lerma,co COL,"MF,DF",30-172,33,26,2310.0,25.7,0.0,1.0,1.0,0.0,0.0,0.0,7.0,0.0,1.0,1.0,1.5,2.5,10.0,81.0,24.0,0.0,0.04,0.04,0.0,0.04,0.05,0.07,0.12,0.05,0.12,Matches,Crystal-Palace
9,Will Hughes,eng ENG,MF,29-363,32,24,2104.0,23.4,0.0,4.0,4.0,0.0,0.0,0.0,11.0,0.0,0.9,0.9,2.5,3.4,18.0,80.0,24.0,0.0,0.17,0.17,0.0,0.17,0.05,0.13,0.18,0.05,0.18,Matches,Crystal-Palace
10,Chris Richards,us USA,DF,25-018,24,21,1959.0,21.8,1.0,1.0,2.0,1.0,0.0,0.0,3.0,0.0,1.0,1.0,0.1,1.1,5.0,34.0,1.0,0.05,0.05,0.09,0.05,0.09,0.06,0.01,0.07,0.06,0.07,Matches,Crystal-Palace
11,Daichi Kamada,jp JPN,MF,28-253,34,16,1661.0,18.5,2.0,3.0,5.0,2.0,0.0,0.0,4.0,1.0,0.8,0.8,1.5,2.4,18.0,65.0,45.0,0.11,0.16,0.27,0.11,0.27,0.06,0.12,0.18,0.06,0.18,Matches,Crystal-Palace
12,Adam Wharton,eng ENG,MF,20-317,21,16,1291.0,14.3,0.0,2.0,2.0,0.0,0.0,0.0,3.0,0.0,0.3,0.3,2.8,3.1,11.0,100.0,10.0,0.0,0.14,0.14,0.0,0.14,0.02,0.23,0.25,0.02,0.25,Matches,Crystal-Palace
13,Trevoh Chalobah,eng ENG,DF,25-284,14,14,1240.0,13.8,3.0,0.0,3.0,3.0,0.0,0.0,1.0,0.0,1.2,1.2,0.4,1.6,11.0,34.0,6.0,0.22,0.0,0.22,0.22,0.22,0.1,0.03,0.14,0.1,0.14,Matches,Crystal-Palace
14,Eddie Nketiah,eng ENG,"FW,MF",25-320,28,10,1120.0,12.4,5.0,1.0,6.0,5.0,0.0,0.0,6.0,1.0,3.5,3.5,1.5,5.0,32.0,15.0,61.0,0.4,0.08,0.48,0.4,0.48,0.42,0.18,0.6,0.42,0.6,Matches,Crystal-Palace
15,Nathaniel Clyne,eng ENG,"DF,MF",34-010,19,7,702.0,7.8,0.0,1.0,1.0,0.0,0.0,0.0,2.0,0.0,0.0,0.0,0.3,0.3,6.0,7.0,8.0,0.0,0.13,0.13,0.0,0.13,0.0,0.06,0.06,0.0,0.06,Matches,Crystal-Palace
16,Cheick Doucouré,ml MLI,MF,25-097,14,5,521.0,5.8,0.0,0.0,0.0,0.0,0.0,0.0,1.0,0.0,0.4,0.4,0.0,0.4,2.0,19.0,7.0,0.0,0.0,0.0,0.0,0.0,0.08,0.0,0.08,0.08,0.08,Matches,Crystal-Palace
17,Justin Devenny,nir NIR,MF,21-186,22,4,447.0,5.0,2.0,0.0,2.0,2.0,0.0,0.0,0.0,0.0,0.5,0.5,0.4,0.9,3.0,13.0,10.0,0.4,0.0,0.4,0.4,0.4,0.14,0.11,0.24,0.14,0.24,Matches,Crystal-Palace
18,Matt Turner,us USA,GK,30-295,4,4,360.0,4.0,0.0,0.0,0.0,0.0,0.0,0.0,0.0,0.0,,,,,,,,0.0,0.0,0.0,0.0,0.0,,,,,,Matches,Crystal-Palace
19,Ben Chilwell,eng ENG,DF,28-115,8,1,274.0,3.0,0.0,0.0,0.0,0.0,0.0,0.0,1.0,0.0,0.1,0.1,0.2,0.3,2.0,3.0,10.0,0.0,0.0,0.0,0.0,0.0,0.05,0.13,0.18,0.05,0.18,Matches,Crystal-Palace
20,Chadi Riad,ma MAR,DF,21-302,3,3,189.0,2.1,0.0,0.0,0.0,0.0,0.0,0.0,0.0,0.0,0.0,0.0,0.0,0.0,2.0,7.0,0.0,0.0,0.0,0.0,0.0,0.0,0.0,0.0,0.0,0.0,0.0,Matches,Crystal-Palace
21,Jeffrey Schlupp,gh GHA,"MF,DF",32-113,16,0,184.0,2.0,0.0,0.0,0.0,0.0,0.0,0.0,0.0,0.0,0.2,0.2,0.2,0.3,4.0,5.0,9.0,0.0,0.0,0.0,0.0,0.0,0.14,0.14,0.28,0.14,0.28,Matches,Crystal-Palace
22,Odsonne Édouard,fr FRA,"MF,FW",27-089,2,1,115.0,1.3,0.0,0.0,0.0,0.0,0.0,0.0,0.0,0.0,0.4,0.4,0.0,0.4,2.0,4.0,7.0,0.0,0.0,0.0,0.0,0.0,0.31,0.04,0.34,0.31,0.34,Matches,Crystal-Palace
23,Joachim Andersen,dk DEN,DF,28-319,1,1,90.0,1.0,0.0,0.0,0.0,0.0,0.0,0.0,1.0,0.0,0.0,0.0,0.0,0.0,1.0,4.0,1.0,0.0,0.0,0.0,0.0,0.0,0.04,0.0,0.04,0.04,0.04,Matches,Crystal-Palace
24,Romain Esse,eng ENG,MF,19-337,4,0,63.0,0.7,1.0,0.0,1.0,1.0,0.0,0.0,0.0,0.0,0.3,0.3,0.0,0.3,0.0,1.0,2.0,1.43,0.0,1.43,1.43,1.43,3.21,0.0,3.21,3.21,3.21,Matches,Crystal-Palace
25,Caleb Kporha,eng ENG,DF,18-274,4,1,59.0,0.7,0.0,0.0,0.0,0.0,0.0,0.0,1.0,0.0,0.0,0.0,0.0,0.0,1.0,0.0,0.0,0.0,0.0,0.0,0.0,0.0,0.0,0.0,0.0,0.0,0.0,Matches,Crystal-Palace
26,Matheus França,br BRA,"FW,MF",21-014,5,0,34.0,0.4,1.0,0.0,1.0,1.0,0.0,0.0,0.0,0.0,0.1,0.1,0.0,0.1,1.0,2.0,2.0,2.65,0.0,2.65,2.65,2.65,0.43,0.0,0.43,0.43,0.43,Matches,Crystal-Palace
27,Jordan Ayew,gh GHA,"FW,MF",33-216,1,0,21.0,0.2,0.0,0.0,0.0,0.0,0.0,0.0,1.0,0.0,0.5,0.5,0.0,0.5,0.0,0.0,1.0,0.0,0.0,0.0,0.0,0.0,1.96,0.21,2.17,1.96,2.17,Matches,Crystal-Palace
28,Joel Ward,eng ENG,DF,35-168,2,0,13.0,0.1,0.0,0.0,0.0,0.0,0.0,0.0,0.0,0.0,0.0,0.0,0.0,0.0,0.0,0.0,0.0,0.0,0.0,0.0,0.0,0.0,0.0,0.0,0.0,0.0,0.0,Matches,Crystal-Palace
29,Asher Agbinone,eng ENG,MF,19-199,2,0,6.0,0.1,0.0,0.0,0.0,0.0,0.0,0.0,0.0,0.0,0.0,0.0,0.0,0.1,2.0,0.0,1.0,0.0,0.0,0.0,0.0,0.0,0.29,0.5,0.79,0.29,0.79,Matches,Crystal-Palace
0,Jordan Pickford,eng ENG,GK,31-039,34,34,3060.0,34.0,0.0,1.0,1.0,0.0,0.0,0.0,6.0,0.0,0.0,0.0,0.4,0.4,0.0,0.0,0.0,0.0,0.03,0.03,0.0,0.03,0.0,0.01,0.01,0.0,0.01,Matches,Everton
1,James Tarkowski,eng ENG,DF,32-147,33,33,2961.0,32.9,1.0,1.0,2.0,1.0,0.0,0.0,6.0,0.0,1.1,1.1,2.6,3.7,9.0,74.0,3.0,0.03,0.03,0.06,0.03,0.06,0.04,0.08,0.12,0.04,0.12,Matches,Everton
2,Idrissa Gana Gueye,sn SEN,MF,35-201,34,31,2734.0,30.4,0.0,3.0,3.0,0.0,0.0,0.0,7.0,0.0,1.0,1.0,1.7,2.7,21.0,119.0,21.0,0.0,0.1,0.1,0.0,0.1,0.04,0.06,0.1,0.04,0.1,Matches,Everton
3,Vitaliy Mykolenko,ua UKR,DF,25-321,31,31,2722.0,30.2,0.0,2.0,2.0,0.0,0.0,0.0,2.0,0.0,0.4,0.4,1.5,1.9,28.0,96.0,73.0,0.0,0.07,0.07,0.0,0.07,0.01,0.05,0.07,0.01,0.07,Matches,Everton
4,Abdoulaye Doucouré,ml MLI,MF,32-104,31,29,2389.0,26.5,4.0,1.0,5.0,4.0,0.0,0.0,5.0,1.0,3.6,3.6,2.3,5.9,36.0,70.0,87.0,0.15,0.04,0.19,0.15,0.19,0.14,0.09,0.23,0.14,0.23,Matches,Everton
5,Iliman Ndiaye,sn SEN,FW,25-040,31,28,2387.0,26.5,9.0,0.0,9.0,6.0,3.0,3.0,4.0,0.0,5.0,3.4,1.5,5.0,76.0,42.0,103.0,0.34,0.0,0.34,0.23,0.23,0.22,0.07,0.29,0.15,0.22,Matches,Everton
6,Jarrad Branthwaite,eng ENG,DF,22-292,27,25,2258.0,25.1,0.0,1.0,1.0,0.0,0.0,0.0,4.0,0.0,0.8,0.8,0.6,1.3,9.0,54.0,1.0,0.0,0.04,0.04,0.0,0.04,0.03,0.02,0.06,0.03,0.06,Matches,Everton
7,Jack Harrison,eng ENG,FW,28-146,32,20,1849.0,20.5,1.0,0.0,1.0,1.0,0.0,0.0,1.0,0.0,3.3,3.3,3.6,6.9,56.0,43.0,106.0,0.05,0.0,0.05,0.05,0.05,0.17,0.19,0.36,0.17,0.36,Matches,Everton
8,Ashley Young,eng ENG,"DF,FW",39-280,31,18,1747.0,19.4,1.0,3.0,4.0,1.0,0.0,0.0,7.0,1.0,0.3,0.3,1.6,1.8,19.0,81.0,25.0,0.05,0.15,0.21,0.05,0.21,0.02,0.09,0.1,0.02,0.1,Matches,Everton
9,Dominic Calvert-Lewin,eng ENG,FW,28-030,22,19,1574.0,17.5,3.0,1.0,4.0,3.0,0.0,0.0,2.0,0.0,6.1,6.1,0.6,6.7,22.0,19.0,105.0,0.17,0.06,0.23,0.17,0.23,0.35,0.04,0.39,0.35,0.39,Matches,Everton
10,Jake O'Brien,ie IRL,DF,23-335,19,16,1481.0,16.5,2.0,1.0,3.0,2.0,0.0,0.0,4.0,0.0,0.7,0.7,0.6,1.3,7.0,38.0,24.0,0.12,0.06,0.18,0.12,0.18,0.06,0.04,0.1,0.06,0.1,Matches,Everton
11,Jesper Lindstrøm,dk DEN,FW,25-045,29,18,1461.0,16.2,0.0,1.0,1.0,0.0,0.0,0.0,3.0,0.0,2.1,2.1,2.0,4.1,30.0,25.0,81.0,0.0,0.06,0.06,0.0,0.06,0.15,0.15,0.3,0.15,0.3,Matches,Everton
12,Orel Mangala,be BEL,MF,27-028,21,16,1439.0,16.0,1.0,0.0,1.0,1.0,0.0,0.0,2.0,0.0,1.1,1.1,0.6,1.8,6.0,34.0,19.0,0.06,0.0,0.06,0.06,0.06,0.08,0.05,0.13,0.08,0.13,Matches,Everton
13,Beto,gw GNB,FW,27-074,28,14,1409.0,15.7,8.0,0.0,8.0,8.0,0.0,0.0,3.0,0.0,6.1,6.1,0.8,6.8,12.0,9.0,58.0,0.51,0.0,0.51,0.51,0.51,0.49,0.06,0.56,0.49,0.56,Matches,Everton
14,Dwight McNeil,eng ENG,"MF,FW",25-144,17,15,1325.0,14.7,4.0,4.0,8.0,4.0,0.0,0.0,1.0,0.0,0.9,0.9,3.8,4.7,32.0,61.0,65.0,0.27,0.27,0.54,0.27,0.54,0.07,0.3,0.37,0.07,0.37,Matches,Everton
15,James Garner,eng ENG,"MF,DF",24-033,17,13,1193.0,13.3,0.0,1.0,1.0,0.0,0.0,0.0,3.0,0.0,0.3,0.3,1.1,1.4,7.0,31.0,22.0,0.0,0.08,0.08,0.0,0.08,0.03,0.09,0.12,0.03,0.12,Matches,Everton
16,Michael Keane,eng ENG,DF,32-094,14,12,1090.0,12.1,2.0,1.0,3.0,2.0,0.0,0.0,4.0,0.0,0.4,0.4,0.1,0.5,1.0,12.0,3.0,0.17,0.08,0.25,0.17,0.25,0.05,0.01,0.06,0.05,0.06,Matches,Everton
17,Tim Iroegbunam,eng ENG,MF,21-289,18,6,667.0,7.4,0.0,2.0,2.0,0.0,0.0,0.0,4.0,0.0,0.2,0.2,0.2,0.4,8.0,14.0,9.0,0.0,0.27,0.27,0.0,0.27,0.04,0.03,0.07,0.04,0.07,Matches,Everton
18,Carlos Alcaraz,ar ARG,"MF,FW",22-136,10,4,460.0,5.1,1.0,1.0,2.0,1.0,0.0,0.0,3.0,0.0,1.3,1.3,1.1,2.4,10.0,24.0,8.0,0.2,0.2,0.39,0.2,0.39,0.27,0.23,0.5,0.27,0.5,Matches,Everton
19,Armando Broja,al ALB,FW,23-217,10,3,293.0,3.3,0.0,0.0,0.0,0.0,0.0,0.0,1.0,0.0,0.1,0.1,0.2,0.3,12.0,2.0,25.0,0.0,0.0,0.0,0.0,0.0,0.04,0.06,0.09,0.04,0.09,Matches,Everton
20,Nathan Patterson,sct SCO,"DF,FW",23-181,9,2,275.0,3.1,0.0,0.0,0.0,0.0,0.0,0.0,0.0,0.0,0.1,0.1,0.3,0.4,4.0,7.0,7.0,0.0,0.0,0.0,0.0,0.0,0.03,0.15,0.18,0.03,0.18,Matches,Everton
21,Séamus Coleman,ie IRL,DF,36-186,4,3,263.0,2.9,0.0,0.0,0.0,0.0,0.0,0.0,1.0,0.0,0.6,0.6,0.0,0.6,1.0,8.0,2.0,0.0,0.0,0.0,0.0,0.0,0.26,0.0,0.26,0.26,0.26,Matches,Everton
22,Roman Dixon,eng ENG,DF,20-110,3,2,192.0,2.1,0.0,0.0,0.0,0.0,0.0,0.0,1.0,0.0,0.0,0.0,0.0,0.0,0.0,0.0,1.0,0.0,0.0,0.0,0.0,0.0,0.0,0.0,0.0,0.0,0.0,Matches,Everton
23,Harrison Armstrong,eng ENG,MF,18-086,6,2,182.0,2.0,0.0,1.0,1.0,0.0,0.0,0.0,1.0,0.0,0.4,0.4,0.1,0.4,1.0,1.0,0.0,0.0,0.49,0.49,0.0,0.49,0.69,0.14,0.82,0.69,0.82,Matches,Everton
24,João Virgínia,pt POR,GK,25-187,2,2,180.0,2.0,0.0,0.0,0.0,0.0,0.0,0.0,0.0,0.0,,,,,,,,0.0,0.0,0.0,0.0,0.0,,,,,,Matches,Everton
25,Youssef Chermiti,pt POR,"FW,MF",20-326,2,0,17.0,0.2,0.0,0.0,0.0,0.0,0.0,0.0,1.0,0.0,0.1,0.1,0.0,0.1,0.0,1.0,4.0,0.0,0.0,0.0,0.0,0.0,0.36,0.0,0.36,0.36,0.36,Matches,Everton
26,Mason Holgate,eng ENG,"FW,DF",28-175,1,0,6.0,0.1,0.0,0.0,0.0,0.0,0.0,0.0,0.0,0.0,0.0,0.0,0.0,0.0,0.0,0.0,0.0,0.0,0.0,0.0,0.0,0.0,0.0,0.0,0.0,0.0,0.0,Matches,Everton
0,Bernd Leno,de GER,GK,33-041,33,33,3000.0,33.3,0.0,1.0,1.0,0.0,0.0,0.0,4.0,0.0,0.0,0.0,0.1,0.1,0.0,0.0,0.0,0.0,0.03,0.03,0.0,0.03,0.0,0.0,0.0,0.0,0.0,Matches,Fulham
1,Antonee Robinson,us USA,DF,27-249,33,32,2909.0,32.3,0.0,10.0,10.0,0.0,0.0,0.0,7.0,0.0,0.7,0.7,4.0,4.7,106.0,112.0,238.0,0.0,0.31,0.31,0.0,0.31,0.02,0.13,0.16,0.02,0.16,Matches,Fulham
2,Alex Iwobi,ng NGA,"FW,MF",28-346,37,32,2758.0,30.6,8.0,5.0,13.0,8.0,0.0,0.0,1.0,0.0,4.1,4.1,6.2,10.2,119.0,171.0,202.0,0.26,0.16,0.42,0.26,0.42,0.15,0.23,0.37,0.15,0.37,Matches,Fulham
3,Calvin Bassey,ng NGA,DF,25-104,31,30,2744.0,30.5,2.0,0.0,2.0,2.0,0.0,0.0,5.0,0.0,1.0,1.0,0.1,1.1,23.0,89.0,12.0,0.07,0.0,0.07,0.07,0.07,0.04,0.0,0.04,0.04,0.04,Matches,Fulham
4,Joachim Andersen,dk DEN,DF,28-318,26,26,2318.0,25.8,1.0,1.0,2.0,1.0,0.0,0.0,6.0,1.0,0.4,0.4,0.3,0.8,11.0,95.0,1.0,0.04,0.04,0.08,0.04,0.08,0.02,0.02,0.04,0.02,0.04,Matches,Fulham
5,Sander Berge,no NOR,MF,27-059,29,24,2194.0,24.4,0.0,0.0,0.0,0.0,0.0,0.0,4.0,0.0,0.2,0.2,0.6,0.8,20.0,94.0,8.0,0.0,0.0,0.0,0.0,0.0,0.01,0.03,0.04,0.01,0.04,Matches,Fulham
6,Saša Lukić,rs SRB,MF,28-244,29,26,2131.0,23.7,0.0,2.0,2.0,0.0,0.0,0.0,12.0,0.0,0.8,0.8,2.6,3.4,32.0,75.0,26.0,0.0,0.08,0.08,0.0,0.08,0.04,0.12,0.16,0.04,0.16,Matches,Fulham
7,Raúl Jiménez,mx MEX,FW,33-344,36,25,2118.0,23.5,12.0,3.0,15.0,7.0,5.0,5.0,3.0,0.0,10.4,8.1,2.8,10.9,30.0,45.0,107.0,0.51,0.13,0.64,0.3,0.42,0.49,0.13,0.62,0.38,0.51,Matches,Fulham
8,Timothy Castagne,be BEL,DF,29-130,27,22,2092.0,23.2,1.0,1.0,2.0,1.0,0.0,0.0,1.0,0.0,0.4,0.4,1.2,1.6,17.0,58.0,65.0,0.04,0.04,0.09,0.04,0.09,0.02,0.07,0.09,0.02,0.09,Matches,Fulham
9,Andreas Pereira,br BRA,MF,29-103,32,24,1991.0,22.1,2.0,5.0,7.0,2.0,0.0,1.0,8.0,0.0,3.4,2.6,3.9,6.5,21.0,96.0,71.0,0.09,0.23,0.32,0.09,0.32,0.18,0.21,0.39,0.14,0.35,Matches,Fulham
10,Emile Smith Rowe,eng ENG,MF,24-260,34,24,1989.0,22.1,5.0,2.0,7.0,5.0,0.0,0.0,2.0,0.0,4.1,4.1,1.1,5.2,50.0,113.0,106.0,0.23,0.09,0.32,0.23,0.32,0.21,0.05,0.26,0.21,0.26,Matches,Fulham
11,Adama Traoré,es ESP,"FW,MF",29-079,34,18,1672.0,18.6,2.0,6.0,8.0,2.0,0.0,0.0,3.0,0.0,3.8,3.8,4.1,7.8,80.0,56.0,135.0,0.11,0.32,0.43,0.11,0.43,0.23,0.25,0.48,0.23,0.48,Matches,Fulham
12,Issa Diop,fr FRA,DF,28-095,24,17,1544.0,17.2,0.0,0.0,0.0,0.0,0.0,0.0,3.0,0.0,0.5,0.5,0.1,0.6,6.0,25.0,3.0,0.0,0.0,0.0,0.0,0.0,0.04,0.01,0.04,0.04,0.04,Matches,Fulham
13,Rodrigo Muniz,br BRA,FW,23-345,35,12,1310.0,14.6,11.0,2.0,13.0,11.0,0.0,0.0,1.0,0.0,5.5,5.5,0.7,6.3,5.0,26.0,31.0,0.76,0.14,0.89,0.76,0.89,0.55,0.07,0.62,0.55,0.62,Matches,Fulham
14,Kenny Tete,nl NED,DF,29-187,16,15,1271.0,14.1,0.0,2.0,2.0,0.0,0.0,0.0,3.0,0.0,1.0,1.0,0.7,1.8,33.0,42.0,39.0,0.0,0.14,0.14,0.0,0.14,0.07,0.05,0.12,0.07,0.12,Matches,Fulham
15,Harry Wilson,wls WAL,"FW,MF",28-023,21,10,1001.0,11.1,5.0,1.0,6.0,5.0,0.0,0.0,2.0,0.0,3.2,3.2,1.0,4.2,16.0,42.0,71.0,0.45,0.09,0.54,0.45,0.54,0.35,0.11,0.45,0.35,0.45,Matches,Fulham
16,Tom Cairney,sct SCO,MF,34-084,23,5,692.0,7.7,1.0,0.0,1.0,1.0,0.0,0.0,2.0,1.0,0.1,0.1,0.7,0.9,13.0,45.0,21.0,0.13,0.0,0.13,0.13,0.13,0.03,0.14,0.17,0.03,0.17,Matches,Fulham
17,Jorge Cuenca,es ESP,DF,25-148,10,7,619.0,6.9,0.0,0.0,0.0,0.0,0.0,0.0,1.0,0.0,0.0,0.0,0.0,0.0,0.0,9.0,0.0,0.0,0.0,0.0,0.0,0.0,0.01,0.0,0.01,0.01,0.01,Matches,Fulham
18,Ryan Sessegnon,eng ENG,"FW,DF",24-331,15,6,585.0,6.5,3.0,3.0,6.0,3.0,0.0,0.0,0.0,0.0,0.8,0.8,0.6,1.4,6.0,2.0,16.0,0.46,0.46,0.92,0.46,0.92,0.4,0.26,0.66,0.4,0.66,Matches,Fulham
19,Reiss Nelson,eng ENG,FW,25-125,12,6,572.0,6.4,2.0,1.0,3.0,2.0,0.0,0.0,1.0,0.0,1.1,1.1,1.0,2.1,45.0,35.0,63.0,0.31,0.16,0.47,0.31,0.47,0.2,0.18,0.39,0.2,0.39,Matches,Fulham
20,Harrison Reed,eng ENG,MF,30-077,16,3,379.0,4.2,0.0,0.0,0.0,0.0,0.0,0.0,3.0,0.0,0.2,0.2,0.1,0.3,1.0,4.0,7.0,0.0,0.0,0.0,0.0,0.0,0.22,0.07,0.3,0.22,0.3,Matches,Fulham
21,Steven Benda,de GER,GK,26-195,4,4,360.0,4.0,0.0,0.0,0.0,0.0,0.0,0.0,0.0,0.0,,,,,,,,0.0,0.0,0.0,0.0,0.0,,,,,,Matches,Fulham
22,Willian,br BRA,"MF,FW",36-248,8,2,256.0,2.8,0.0,0.0,0.0,0.0,0.0,0.0,0.0,0.0,0.1,0.1,0.2,0.4,5.0,23.0,15.0,0.0,0.0,0.0,0.0,0.0,0.07,0.13,0.2,0.07,0.2,Matches,Fulham
23,Joshua King,eng ENG,"MF,FW",18-101,8,2,216.0,2.4,0.0,0.0,0.0,0.0,0.0,0.0,0.0,0.0,0.2,0.2,0.4,0.6,1.0,4.0,9.0,0.0,0.0,0.0,0.0,0.0,0.22,0.48,0.7,0.22,0.7,Matches,Fulham
24,Martial Godo,eng ENG,FW,22-031,4,1,121.0,1.3,0.0,1.0,1.0,0.0,0.0,0.0,0.0,0.0,0.0,0.0,0.0,0.0,0.0,0.0,3.0,0.0,0.74,0.74,0.0,0.74,0.0,0.0,0.0,0.0,0.0,Matches,Fulham
25,Jay Stansfield,eng ENG,MF,22-141,2,1,78.0,0.9,1.0,0.0,1.0,1.0,0.0,0.0,0.0,0.0,0.0,0.0,0.0,0.0,0.0,0.0,0.0,1.15,0.0,1.15,1.15,1.15,0.0,0.0,0.0,0.0,0.0,Matches,Fulham
26,Carlos Vinícius,br BRA,MF,30-020,2,0,5.0,0.1,0.0,0.0,0.0,0.0,0.0,0.0,0.0,0.0,0.0,0.0,0.0,0.0,1.0,0.0,1.0,0.0,0.0,0.0,0.0,0.0,0.83,0.0,0.83,0.83,0.83,Matches,Fulham
0,Dara O'Shea,ie IRL,DF,26-042,31,30,2747.0,30.5,0.0,2.0,2.0,0.0,0.0,0.0,6.0,0.0,1.1,1.1,0.5,1.7,3.0,68.0,6.0,0.0,0.07,0.07,0.0,0.07,0.04,0.02,0.06,0.04,0.06,Matches,Ipswich-Town
1,Leif Davis,eng ENG,DF,25-093,30,29,2532.0,28.1,1.0,2.0,3.0,1.0,0.0,0.0,5.0,0.0,0.9,0.9,4.3,5.2,47.0,55.0,117.0,0.04,0.07,0.11,0.04,0.11,0.03,0.15,0.18,0.03,0.18,Matches,Ipswich-Town
2,Liam Delap,eng ENG,FW,22-066,34,29,2400.0,26.7,12.0,2.0,14.0,10.0,2.0,2.0,9.0,0.0,9.0,7.4,1.9,9.3,58.0,30.0,101.0,0.45,0.07,0.52,0.37,0.45,0.35,0.07,0.42,0.29,0.36,Matches,Ipswich-Town
3,Sam Morsy,eg EGY,MF,33-217,28,26,2360.0,26.2,1.0,1.0,2.0,1.0,0.0,0.0,10.0,0.0,0.3,0.3,0.7,1.1,14.0,100.0,9.0,0.04,0.04,0.08,0.04,0.08,0.01,0.03,0.04,0.01,0.04,Matches,Ipswich-Town
4,Omari Hutchinson,eng ENG,"MF,FW",21-167,28,26,2236.0,24.8,3.0,2.0,5.0,3.0,0.0,0.0,5.0,0.0,2.3,2.3,2.5,4.8,71.0,69.0,131.0,0.12,0.08,0.2,0.12,0.2,0.09,0.1,0.19,0.09,0.19,Matches,Ipswich-Town
5,Jens Cajuste,se SWE,MF,25-248,28,23,1825.0,20.3,1.0,0.0,1.0,1.0,0.0,0.0,2.0,0.0,0.5,0.5,0.6,1.1,23.0,45.0,15.0,0.05,0.0,0.05,0.05,0.05,0.03,0.03,0.06,0.03,0.06,Matches,Ipswich-Town
6,Jacob Greaves,eng ENG,DF,24-215,20,19,1740.0,19.3,1.0,0.0,1.0,1.0,0.0,0.0,4.0,0.0,1.2,1.2,0.0,1.3,6.0,48.0,4.0,0.05,0.0,0.05,0.05,0.05,0.07,0.0,0.07,0.07,0.07,Matches,Ipswich-Town
7,Arijanet Muric,xk KVX,GK,26-159,19,19,1700.0,18.9,0.0,0.0,0.0,0.0,0.0,0.0,1.0,0.0,0.0,0.0,0.0,0.0,0.0,1.0,0.0,0.0,0.0,0.0,0.0,0.0,0.0,0.0,0.0,0.0,0.0,Matches,Ipswich-Town
8,Cameron Burgess,au AUS,DF,29-176,18,17,1530.0,17.0,0.0,2.0,2.0,0.0,0.0,0.0,1.0,0.0,0.7,0.7,0.5,1.2,2.0,36.0,3.0,0.0,0.12,0.12,0.0,0.12,0.05,0.04,0.09,0.05,0.09,Matches,Ipswich-Town
9,Ben Johnson,eng ENG,"DF,FW",25-081,24,14,1489.0,16.5,1.0,3.0,4.0,1.0,0.0,0.0,3.0,0.0,1.1,1.1,1.3,2.3,15.0,25.0,31.0,0.06,0.18,0.24,0.06,0.24,0.08,0.09,0.17,0.08,0.17,Matches,Ipswich-Town
10,Kalvin Phillips,eng ENG,MF,29-134,21,17,1436.0,16.0,1.0,0.0,1.0,1.0,0.0,0.0,6.0,1.0,0.4,0.4,0.2,0.6,4.0,49.0,4.0,0.06,0.0,0.06,0.06,0.06,0.03,0.02,0.05,0.03,0.05,Matches,Ipswich-Town
11,Axel Tuanzebe,cd COD,DF,27-152,18,17,1400.0,15.6,0.0,1.0,1.0,0.0,0.0,0.0,5.0,1.0,0.2,0.2,0.3,0.5,8.0,45.0,8.0,0.0,0.06,0.06,0.0,0.06,0.01,0.02,0.03,0.01,0.03,Matches,Ipswich-Town
12,Luke Woolfenden,eng ENG,DF,26-176,16,13,1307.0,14.5,0.0,0.0,0.0,0.0,0.0,0.0,2.0,0.0,0.0,0.0,0.0,0.0,7.0,15.0,0.0,0.0,0.0,0.0,0.0,0.0,0.0,0.0,0.0,0.0,0.0,Matches,Ipswich-Town
13,Jack Clarke,eng ENG,"FW,MF",24-143,30,12,1271.0,14.1,3.0,6.0,9.0,3.0,0.0,0.0,2.0,0.0,1.0,1.0,1.9,2.9,27.0,30.0,47.0,0.21,0.42,0.64,0.21,0.64,0.09,0.18,0.27,0.09,0.27,Matches,Ipswich-Town
14,Sammie Szmodics,ie IRL,"FW,MF",29-203,20,14,1013.0,11.3,4.0,0.0,4.0,4.0,0.0,0.0,2.0,0.0,3.4,3.4,0.2,3.6,16.0,18.0,46.0,0.36,0.0,0.36,0.36,0.36,0.31,0.02,0.33,0.31,0.33,Matches,Ipswich-Town
15,Wes Burns,wls WAL,"FW,DF",30-143,19,13,971.0,10.8,0.0,1.0,1.0,0.0,0.0,0.0,1.0,0.0,0.5,0.5,1.6,2.2,38.0,8.0,65.0,0.0,0.09,0.09,0.0,0.09,0.05,0.16,0.21,0.05,0.21,Matches,Ipswich-Town
16,Alex Palmer,eng ENG,GK,28-248,10,10,930.0,10.3,0.0,0.0,0.0,0.0,0.0,0.0,2.0,0.0,0.0,0.0,0.0,0.0,0.0,1.0,0.0,0.0,0.0,0.0,0.0,0.0,0.0,0.0,0.0,0.0,0.0,Matches,Ipswich-Town
17,Jack Taylor,ie IRL,MF,26-296,30,4,850.0,9.4,2.0,0.0,2.0,2.0,0.0,0.0,3.0,0.0,0.6,0.6,0.5,1.2,9.0,37.0,17.0,0.21,0.0,0.21,0.21,0.21,0.1,0.09,0.19,0.1,0.19,Matches,Ipswich-Town
18,Nathan Broadhead,wls WAL,"MF,FW",27-010,19,7,745.0,8.3,1.0,1.0,2.0,1.0,0.0,0.0,1.0,0.0,1.5,1.5,0.6,2.1,17.0,12.0,27.0,0.12,0.12,0.24,0.12,0.24,0.22,0.1,0.32,0.22,0.32,Matches,Ipswich-Town
19,Conor Townsend,eng ENG,DF,32-042,10,7,725.0,8.1,0.0,2.0,2.0,0.0,0.0,0.0,1.0,0.0,0.0,0.0,0.7,0.7,2.0,8.0,13.0,0.0,0.25,0.25,0.0,0.25,0.01,0.18,0.18,0.01,0.18,Matches,Ipswich-Town
20,Conor Chaplin,eng ENG,"MF,FW",28-058,17,8,714.0,7.9,2.0,1.0,3.0,2.0,0.0,0.0,1.0,0.0,1.2,1.2,0.6,1.8,10.0,25.0,20.0,0.25,0.13,0.38,0.25,0.38,0.17,0.09,0.26,0.17,0.26,Matches,Ipswich-Town
21,Christian Walton,eng ENG,GK,29-157,7,7,630.0,7.0,0.0,0.0,0.0,0.0,0.0,0.0,0.0,0.0,0.0,0.0,0.0,0.0,0.0,0.0,0.0,0.0,0.0,0.0,0.0,0.0,0.0,0.0,0.0,0.0,0.0,Matches,Ipswich-Town
22,George Hirst,sct SCO,FW,26-059,23,4,555.0,6.2,4.0,2.0,6.0,3.0,1.0,1.0,1.0,0.0,1.2,1.2,0.3,1.5,7.0,11.0,23.0,0.65,0.32,0.97,0.49,0.81,0.3,0.06,0.36,0.3,0.36,Matches,Ipswich-Town
23,Jaden Philogene Bidace,eng ENG,"FW,DF",23-066,11,6,552.0,6.1,3.0,0.0,3.0,3.0,0.0,0.0,1.0,0.0,2.0,2.0,0.2,2.2,13.0,10.0,36.0,0.49,0.0,0.49,0.49,0.49,0.37,0.05,0.42,0.37,0.42,Matches,Ipswich-Town
24,Julio Enciso,py PAR,"MF,FW",21-082,8,7,505.0,5.6,1.0,3.0,4.0,1.0,0.0,0.0,3.0,0.0,1.1,1.1,1.2,2.3,11.0,21.0,26.0,0.18,0.53,0.71,0.18,0.71,0.2,0.22,0.42,0.2,0.42,Matches,Ipswich-Town
25,Harry Clarke,eng ENG,DF,24-044,8,4,397.0,4.4,0.0,0.0,0.0,0.0,0.0,0.0,3.0,1.0,0.1,0.1,0.0,0.1,5.0,14.0,2.0,0.0,0.0,0.0,0.0,0.0,0.02,0.01,0.03,0.02,0.03,Matches,Ipswich-Town
26,Massimo Luongo,au AUS,MF,32-202,11,4,385.0,4.3,0.0,0.0,0.0,0.0,0.0,0.0,1.0,0.0,0.0,0.0,0.0,0.0,0.0,5.0,1.0,0.0,0.0,0.0,0.0,0.0,0.0,0.0,0.0,0.0,0.0,Matches,Ipswich-Town
27,Chiedozie Ogbene,ie IRL,FW,27-349,6,4,283.0,3.1,0.0,0.0,0.0,0.0,0.0,0.0,0.0,0.0,0.0,0.0,0.1,0.1,7.0,0.0,15.0,0.0,0.0,0.0,0.0,0.0,0.0,0.03,0.03,0.0,0.03,Matches,Ipswich-Town
28,Ali Al Hamadi,iq IRQ,FW,23-045,13,2,283.0,3.1,1.0,1.0,2.0,1.0,0.0,1.0,3.0,0.0,0.4,0.4,0.1,0.4,4.0,3.0,14.0,0.32,0.32,0.64,0.32,0.64,0.24,0.05,0.28,0.24,0.28,Matches,Ipswich-Town
29,Ben Godfrey,eng ENG,DF,27-090,4,4,270.0,3.0,0.0,0.0,0.0,0.0,0.0,0.0,1.0,0.0,0.0,0.0,0.0,0.0,2.0,4.0,1.0,0.0,0.0,0.0,0.0,0.0,0.0,0.0,0.0,0.0,0.0,Matches,Ipswich-Town
30,Marcus Harness,eng ENG,MF,29-050,3,0,90.0,1.0,0.0,0.0,0.0,0.0,0.0,0.0,0.0,0.0,0.0,0.0,0.0,0.0,0.0,2.0,1.0,0.0,0.0,0.0,0.0,0.0,0.0,0.0,0.0,0.0,0.0,Matches,Ipswich-Town
31,Cieran Slicker,sct SCO,GK,22-212,1,0,10.0,0.1,0.0,0.0,0.0,0.0,0.0,0.0,0.0,0.0,,,,,,,,0.0,0.0,0.0,0.0,0.0,,,,,,Matches,Ipswich-Town
32,George Edmundson,eng ENG,DF,27-227,1,0,2.0,0.0,0.0,0.0,0.0,0.0,0.0,0.0,0.0,0.0,0.0,0.0,0.0,0.0,0.0,0.0,0.0,0.0,0.0,0.0,0.0,0.0,0.0,0.0,0.0,0.0,0.0,Matches,Ipswich-Town
0,James Justin,eng ENG,DF,27-051,33,33,2796.0,31.1,4.0,1.0,5.0,4.0,0.0,0.0,5.0,0.0,1.5,1.5,0.5,2.0,36.0,80.0,90.0,0.13,0.03,0.16,0.13,0.16,0.05,0.02,0.07,0.05,0.07,Matches,Leicester-City
1,Wout Faes,be BEL,DF,27-012,31,27,2526.0,28.1,2.0,0.0,2.0,2.0,0.0,0.0,3.0,0.0,1.4,1.4,0.1,1.5,11.0,72.0,1.0,0.07,0.0,0.07,0.07,0.07,0.05,0.0,0.06,0.05,0.06,Matches,Leicester-City
2,Jamie Vardy,eng ENG,FW,38-094,31,31,2480.0,27.6,8.0,3.0,11.0,6.0,2.0,2.0,5.0,0.0,9.4,8.6,2.9,11.5,27.0,20.0,104.0,0.29,0.11,0.4,0.22,0.33,0.35,0.11,0.46,0.32,0.43,Matches,Leicester-City
3,Victor Bernth Kristiansen,dk DEN,DF,22-120,29,29,2470.0,27.4,0.0,1.0,1.0,0.0,0.0,0.0,1.0,0.0,0.3,0.3,1.4,1.7,39.0,69.0,75.0,0.0,0.04,0.04,0.0,0.04,0.01,0.05,0.06,0.01,0.06,Matches,Leicester-City
4,Mads Hermansen,dk DEN,GK,24-278,26,26,2295.0,25.5,0.0,0.0,0.0,0.0,0.0,0.0,1.0,0.0,0.0,0.0,0.0,0.0,0.0,1.0,0.0,0.0,0.0,0.0,0.0,0.0,0.0,0.0,0.0,0.0,0.0,Matches,Leicester-City
5,Boubakary Soumaré,fr FRA,MF,26-047,29,25,2178.0,24.2,0.0,0.0,0.0,0.0,0.0,0.0,8.0,0.0,0.3,0.3,0.4,0.7,30.0,93.0,21.0,0.0,0.0,0.0,0.0,0.0,0.01,0.02,0.03,0.01,0.03,Matches,Leicester-City
6,Wilfred Ndidi,ng NGA,MF,28-120,25,25,2013.0,22.4,1.0,4.0,5.0,1.0,0.0,0.0,6.0,0.0,1.7,1.7,1.8,3.6,13.0,58.0,72.0,0.04,0.18,0.22,0.04,0.22,0.08,0.09,0.17,0.08,0.17,Matches,Leicester-City
7,Bilal El Khannouss,ma MAR,MF,20-340,31,25,1980.0,22.0,3.0,4.0,7.0,3.0,0.0,0.0,4.0,0.0,0.8,0.8,3.1,3.9,59.0,110.0,71.0,0.14,0.18,0.32,0.14,0.32,0.04,0.16,0.2,0.04,0.2,Matches,Leicester-City
8,Harry Winks,eng ENG,MF,29-072,25,19,1720.0,19.1,1.0,3.0,4.0,1.0,0.0,0.0,4.0,0.0,0.2,0.2,1.2,1.5,19.0,101.0,11.0,0.05,0.16,0.21,0.05,0.21,0.01,0.07,0.09,0.01,0.09,Matches,Leicester-City
9,Stephy Mavididi,eng ENG,FW,26-319,32,17,1705.0,18.9,6.0,1.0,7.0,5.0,1.0,1.0,2.0,0.0,1.8,1.8,2.5,4.3,87.0,57.0,134.0,0.32,0.05,0.37,0.26,0.32,0.11,0.15,0.25,0.11,0.25,Matches,Leicester-City
10,Jordan Ayew,gh GHA,"FW,MF",33-216,30,18,1596.0,17.7,5.0,1.0,6.0,4.0,1.0,1.0,5.0,0.0,2.8,2.0,0.8,2.8,38.0,31.0,68.0,0.28,0.06,0.34,0.23,0.28,0.19,0.05,0.25,0.14,0.19,Matches,Leicester-City
11,Facundo Buonanotte,ar ARG,"FW,MF",20-113,31,15,1586.0,17.6,5.0,3.0,8.0,5.0,0.0,0.0,8.0,0.0,3.6,3.6,3.0,6.6,37.0,49.0,63.0,0.28,0.17,0.45,0.28,0.45,0.23,0.2,0.42,0.23,0.42,Matches,Leicester-City
12,Caleb Okoli,it ITA,DF,23-276,22,16,1464.0,16.3,1.0,0.0,1.0,1.0,0.0,0.0,6.0,0.0,0.6,0.6,0.0,0.6,3.0,32.0,2.0,0.06,0.0,0.06,0.06,0.06,0.05,0.0,0.05,0.05,0.05,Matches,Leicester-City
13,Conor Coady,eng ENG,DF,32-049,20,16,1463.0,16.3,1.0,0.0,1.0,1.0,0.0,0.0,2.0,0.0,0.0,0.0,0.1,0.1,2.0,26.0,0.0,0.06,0.0,0.06,0.06,0.06,0.0,0.0,0.0,0.0,0.0,Matches,Leicester-City
14,Jannik Vestergaard,dk DEN,DF,32-255,19,16,1411.0,15.7,0.0,0.0,0.0,0.0,0.0,0.0,5.0,0.0,0.1,0.1,0.1,0.2,3.0,32.0,2.0,0.0,0.0,0.0,0.0,0.0,0.01,0.01,0.01,0.01,0.01,Matches,Leicester-City
15,Oliver Skipp,eng ENG,MF,24-211,22,9,1048.0,11.6,0.0,0.0,0.0,0.0,0.0,0.0,6.0,0.0,0.1,0.1,0.3,0.4,15.0,25.0,17.0,0.0,0.0,0.0,0.0,0.0,0.01,0.03,0.04,0.01,0.04,Matches,Leicester-City
16,Luke Thomas,eng ENG,DF,23-309,12,11,930.0,10.3,0.0,0.0,0.0,0.0,0.0,0.0,1.0,0.0,0.1,0.1,0.1,0.3,2.0,20.0,9.0,0.0,0.0,0.0,0.0,0.0,0.02,0.02,0.04,0.02,0.04,Matches,Leicester-City
17,Bobby Reid,jm JAM,"FW,MF",32-072,25,10,872.0,9.7,2.0,2.0,4.0,2.0,0.0,0.0,2.0,0.0,0.8,0.8,1.2,2.0,12.0,14.0,41.0,0.21,0.21,0.41,0.21,0.41,0.11,0.17,0.27,0.11,0.27,Matches,Leicester-City
18,Patson Daka,zm ZAM,"FW,MF",26-188,21,6,728.0,8.1,1.0,1.0,2.0,1.0,0.0,0.0,0.0,0.0,1.3,1.3,0.0,1.3,9.0,8.0,33.0,0.12,0.12,0.25,0.12,0.25,0.18,0.0,0.18,0.18,0.18,Matches,Leicester-City
19,Kasey McAteer,ie IRL,"FW,MF",23-144,18,7,691.0,7.7,0.0,1.0,1.0,0.0,0.0,0.0,1.0,0.0,0.6,0.6,0.5,1.1,13.0,9.0,42.0,0.0,0.13,0.13,0.0,0.13,0.11,0.09,0.2,0.11,0.2,Matches,Leicester-City
20,Abdul Fatawu Issahaku,gh GHA,FW,21-038,13,7,677.0,7.5,0.0,2.0,2.0,0.0,0.0,0.0,0.0,0.0,0.4,0.4,1.6,2.0,42.0,17.0,60.0,0.0,0.27,0.27,0.0,0.27,0.06,0.24,0.31,0.06,0.31,Matches,Leicester-City
21,Jakub Stolarczyk,pl POL,GK,24-117,7,7,630.0,7.0,0.0,0.0,0.0,0.0,0.0,0.0,1.0,0.0,0.0,0.0,0.0,0.0,0.0,1.0,0.0,0.0,0.0,0.0,0.0,0.0,0.0,0.0,0.0,0.0,0.0,Matches,Leicester-City
22,Danny Ward,wls WAL,GK,31-297,5,4,405.0,4.5,0.0,0.0,0.0,0.0,0.0,0.0,0.0,0.0,0.0,0.0,0.0,0.0,0.0,0.0,0.0,0.0,0.0,0.0,0.0,0.0,0.0,0.0,0.0,0.0,0.0,Matches,Leicester-City
23,Ricardo Pereira,pt POR,DF,31-191,8,4,395.0,4.4,0.0,0.0,0.0,0.0,0.0,0.0,1.0,0.0,0.1,0.1,0.0,0.1,3.0,9.0,5.0,0.0,0.0,0.0,0.0,0.0,0.04,0.0,0.04,0.04,0.04,Matches,Leicester-City
24,Hamza Choudhury,bd BAN,"MF,DF",27-196,6,2,238.0,2.6,0.0,1.0,1.0,0.0,0.0,0.0,0.0,0.0,0.0,0.0,0.4,0.4,4.0,3.0,6.0,0.0,0.38,0.38,0.0,0.38,0.0,0.27,0.27,0.0,0.27,Matches,Leicester-City
25,Woyo Coulibaly,fr FRA,DF,25-330,5,1,142.0,1.6,0.0,0.0,0.0,0.0,0.0,0.0,1.0,0.0,0.0,0.0,0.0,0.0,4.0,3.0,2.0,0.0,0.0,0.0,0.0,0.0,0.04,0.0,0.04,0.04,0.04,Matches,Leicester-City
26,Odsonne Édouard,fr FRA,FW,27-089,6,1,116.0,1.3,0.0,0.0,0.0,0.0,0.0,0.0,0.0,0.0,0.0,0.0,0.0,0.0,0.0,1.0,2.0,0.0,0.0,0.0,0.0,0.0,0.0,0.13,0.13,0.0,0.13,Matches,Leicester-City
27,Will Alves,eng ENG,FW,20-071,3,0,39.0,0.4,0.0,0.0,0.0,0.0,0.0,0.0,0.0,0.0,0.0,0.0,0.0,0.0,0.0,0.0,1.0,0.0,0.0,0.0,0.0,0.0,0.0,0.0,0.0,0.0,0.0,Matches,Leicester-City
28,Christopher Popov,wls WAL,FW,20-171,1,0,18.0,0.2,0.0,0.0,0.0,0.0,0.0,0.0,0.0,0.0,,,,,,,,0.0,0.0,0.0,0.0,0.0,,,,,,Matches,Leicester-City
29,Jeremy Monga,,FW,,1,0,17.0,0.2,0.0,0.0,0.0,0.0,0.0,0.0,0.0,0.0,0.0,0.0,0.0,0.0,0.0,1.0,2.0,0.0,0.0,0.0,0.0,0.0,0.0,0.0,0.0,0.0,0.0,Matches,Leicester-City
30,Jake Evans,,FW,,1,0,1.0,0.0,0.0,0.0,0.0,0.0,0.0,0.0,0.0,0.0,0.0,0.0,0.0,0.0,0.0,0.0,0.0,0.0,0.0,0.0,0.0,0.0,0.0,0.0,0.0,0.0,0.0,Matches,Leicester-City
0,Virgil van Dijk,nl NED,DF,33-280,44,44,3986.0,44.3,4.0,1.0,5.0,4.0,0.0,0.0,5.0,0.0,2.4,2.4,0.5,2.9,19.0,192.0,6.0,0.09,0.02,0.11,0.09,0.11,0.06,0.01,0.07,0.06,0.07,Matches,Liverpool
1,Mohamed Salah,eg EGY,FW,32-303,46,44,3950.0,43.9,32.0,23.0,55.0,21.0,11.0,12.0,1.0,0.0,27.6,19.0,15.5,34.5,169.0,163.0,512.0,0.73,0.52,1.25,0.48,1.0,0.69,0.39,1.08,0.47,0.86,Matches,Liverpool
2,Ryan Gravenberch,nl NED,MF,22-333,44,44,3777.0,42.0,0.0,3.0,3.0,0.0,0.0,0.0,6.0,0.0,1.0,1.0,3.5,4.5,77.0,204.0,68.0,0.0,0.07,0.07,0.0,0.07,0.02,0.09,0.12,0.02,0.12,Matches,Liverpool
3,Alexis Mac Allister,ar ARG,MF,26-111,45,38,3340.0,37.1,6.0,5.0,11.0,6.0,0.0,0.0,11.0,0.0,4.1,4.1,6.7,10.8,39.0,202.0,84.0,0.16,0.13,0.3,0.16,0.3,0.12,0.2,0.32,0.12,0.32,Matches,Liverpool
4,Dominik Szoboszlai,hu HUN,MF,24-171,43,35,3050.0,33.9,7.0,5.0,12.0,7.0,0.0,0.0,6.0,0.0,7.8,7.8,5.7,13.5,75.0,144.0,146.0,0.21,0.15,0.35,0.21,0.35,0.26,0.19,0.44,0.26,0.44,Matches,Liverpool
5,Andrew Robertson,sct SCO,DF,31-034,42,35,3047.0,33.9,0.0,1.0,1.0,0.0,0.0,0.0,5.0,1.0,1.4,1.4,4.9,6.3,69.0,201.0,109.0,0.0,0.03,0.03,0.0,0.03,0.05,0.16,0.21,0.05,0.21,Matches,Liverpool
6,Luis Díaz,co COL,FW,28-091,45,34,2985.0,33.2,15.0,5.0,20.0,15.0,0.0,0.0,3.0,0.0,11.6,11.6,5.5,17.1,127.0,121.0,337.0,0.45,0.15,0.6,0.45,0.6,0.39,0.18,0.57,0.39,0.57,Matches,Liverpool
7,Ibrahima Konaté,fr FRA,DF,25-324,37,34,2945.0,32.7,2.0,2.0,4.0,2.0,0.0,0.0,8.0,0.0,2.0,2.0,1.0,3.1,23.0,118.0,2.0,0.06,0.06,0.12,0.06,0.12,0.07,0.03,0.1,0.07,0.1,Matches,Liverpool
8,Trent Alexander-Arnold,eng ENG,DF,26-189,39,35,2853.0,31.7,3.0,7.0,10.0,3.0,0.0,0.0,4.0,0.0,2.0,2.0,7.2,9.3,53.0,250.0,103.0,0.09,0.22,0.32,0.09,0.32,0.07,0.24,0.31,0.07,0.31,Matches,Liverpool
9,Alisson,br BRA,GK,32-194,29,29,2628.0,29.2,0.0,0.0,0.0,0.0,0.0,0.0,0.0,0.0,0.0,0.0,0.6,0.6,0.0,0.0,0.0,0.0,0.0,0.0,0.0,0.0,0.0,0.02,0.02,0.0,0.02,Matches,Liverpool
10,Cody Gakpo,nl NED,FW,25-342,43,26,2256.0,25.1,16.0,5.0,21.0,15.0,1.0,1.0,4.0,0.0,8.6,7.8,4.8,12.7,62.0,64.0,268.0,0.64,0.2,0.84,0.6,0.8,0.42,0.23,0.65,0.38,0.62,Matches,Liverpool
11,Curtis Jones,eng ENG,MF,24-074,40,24,2140.0,23.8,3.0,6.0,9.0,3.0,0.0,0.0,3.0,1.0,4.4,4.4,3.0,7.4,35.0,101.0,91.0,0.13,0.25,0.38,0.13,0.38,0.23,0.15,0.38,0.23,0.38,Matches,Liverpool
12,Darwin Núñez,uy URU,FW,25-294,42,17,1935.0,21.5,7.0,5.0,12.0,7.0,0.0,0.0,9.0,0.0,7.8,7.8,1.7,9.6,32.0,37.0,103.0,0.33,0.23,0.56,0.33,0.56,0.49,0.11,0.59,0.49,0.59,Matches,Liverpool
13,Caoimhín Kelleher,ie IRL,GK,26-142,20,20,1800.0,20.0,0.0,0.0,0.0,0.0,0.0,0.0,0.0,0.0,0.0,0.0,0.0,0.0,0.0,0.0,0.0,0.0,0.0,0.0,0.0,0.0,0.0,0.0,0.0,0.0,0.0,Matches,Liverpool
14,Diogo Jota,pt POR,FW,28-131,32,21,1678.0,18.6,9.0,3.0,12.0,9.0,0.0,0.0,2.0,0.0,7.8,7.8,2.0,9.7,37.0,42.0,94.0,0.48,0.16,0.64,0.48,0.64,0.55,0.14,0.69,0.55,0.69,Matches,Liverpool
15,Kostas Tsimikas,gr GRE,DF,28-337,26,15,1415.0,15.7,0.0,2.0,2.0,0.0,0.0,0.0,3.0,0.0,0.4,0.4,2.3,2.7,16.0,83.0,43.0,0.0,0.13,0.13,0.0,0.13,0.03,0.2,0.24,0.03,0.24,Matches,Liverpool
16,Jarell Quansah,eng ENG,DF,22-075,23,11,1118.0,12.4,0.0,0.0,0.0,0.0,0.0,0.0,2.0,0.0,0.6,0.6,0.1,0.6,4.0,17.0,5.0,0.0,0.0,0.0,0.0,0.0,0.1,0.01,0.11,0.1,0.11,Matches,Liverpool
17,Conor Bradley,nir NIR,DF,21-279,24,10,1100.0,12.2,0.0,3.0,3.0,0.0,0.0,0.0,2.0,0.0,0.9,0.9,0.7,1.6,30.0,33.0,36.0,0.0,0.25,0.25,0.0,0.25,0.11,0.08,0.19,0.11,0.19,Matches,Liverpool
18,Joe Gomez,eng ENG,DF,27-326,17,11,876.0,9.7,0.0,0.0,0.0,0.0,0.0,0.0,2.0,0.0,0.5,0.5,0.1,0.6,7.0,45.0,5.0,0.0,0.0,0.0,0.0,0.0,0.06,0.02,0.08,0.06,0.08,Matches,Liverpool
19,Wataru Endo,jp JPN,"MF,DF",32-064,28,6,760.0,8.4,0.0,0.0,0.0,0.0,0.0,0.0,1.0,0.0,0.0,0.0,0.0,0.0,1.0,13.0,3.0,0.0,0.0,0.0,0.0,0.0,0.0,0.01,0.01,0.0,0.01,Matches,Liverpool
20,Harvey Elliott,eng ENG,"MF,FW",22-010,22,4,631.0,7.0,4.0,2.0,6.0,4.0,0.0,0.0,3.0,0.0,1.1,1.1,0.8,1.9,10.0,32.0,30.0,0.57,0.29,0.86,0.57,0.86,0.31,0.22,0.53,0.31,0.53,Matches,Liverpool
21,Federico Chiesa,it ITA,FW,27-171,12,3,399.0,4.4,2.0,1.0,3.0,2.0,0.0,0.0,1.0,0.0,0.4,0.4,0.0,0.4,6.0,6.0,19.0,0.45,0.23,0.68,0.45,0.68,0.25,0.0,0.25,0.25,0.25,Matches,Liverpool
22,Tyler Morton,eng ENG,MF,22-165,5,3,260.0,2.9,0.0,1.0,1.0,0.0,0.0,0.0,1.0,0.0,0.0,0.0,0.0,0.0,1.0,2.0,0.0,0.0,0.35,0.35,0.0,0.35,0.08,0.0,0.08,0.08,0.08,Matches,Liverpool
23,James McConnell,eng ENG,MF,20-213,4,2,239.0,2.7,0.0,0.0,0.0,0.0,0.0,0.0,1.0,0.0,0.0,0.0,0.0,0.0,3.0,5.0,1.0,0.0,0.0,0.0,0.0,0.0,0.0,0.0,0.0,0.0,0.0,Matches,Liverpool
24,Trey Nyoni,eng ENG,"MF,FW",17-288,5,2,226.0,2.5,0.0,1.0,1.0,0.0,0.0,0.0,1.0,0.0,0.0,0.0,0.0,0.0,0.0,1.0,1.0,0.0,0.4,0.4,0.0,0.4,0.0,0.0,0.0,0.0,0.0,Matches,Liverpool
25,Jayden Danns,eng ENG,FW,19-088,4,1,117.0,1.3,1.0,0.0,1.0,1.0,0.0,0.0,0.0,0.0,0.1,0.1,0.0,0.1,1.0,3.0,0.0,0.77,0.0,0.77,0.77,0.77,0.07,0.0,0.07,0.07,0.07,Matches,Liverpool
26,Vitezslav Jaros,cz CZE,GK,23-265,2,1,102.0,1.1,0.0,0.0,0.0,0.0,0.0,0.0,0.0,0.0,0.0,0.0,0.0,0.0,0.0,0.0,0.0,0.0,0.0,0.0,0.0,0.0,0.0,0.0,0.0,0.0,0.0,Matches,Liverpool
27,Rio Ngumoha,eng ENG,FW,16-228,1,1,71.0,0.8,0.0,0.0,0.0,0.0,0.0,0.0,0.0,0.0,,,,,,,,0.0,0.0,0.0,0.0,0.0,,,,,,Matches,Liverpool
28,Isaac Mabaya,eng ENG,MF,20-204,1,0,47.0,0.5,0.0,0.0,0.0,0.0,0.0,0.0,1.0,0.0,,,,,,,,0.0,0.0,0.0,0.0,0.0,,,,,,Matches,Liverpool
29,Trent Doherty,ie IRL,MF,18-288,1,0,15.0,0.2,0.0,0.0,0.0,0.0,0.0,0.0,0.0,0.0,,,,,,,,0.0,0.0,0.0,0.0,0.0,,,,,,Matches,Liverpool
30,Amara Nallo,eng ENG,DF,18-147,1,0,4.0,0.0,0.0,0.0,0.0,0.0,0.0,0.0,0.0,1.0,0.0,0.0,0.0,0.0,0.0,0.0,0.0,0.0,0.0,0.0,0.0,0.0,0.0,0.0,0.0,0.0,0.0,Matches,Liverpool
0,Joško Gvardiol,hr CRO,DF,23-081,45,41,3790.0,42.1,5.0,1.0,6.0,5.0,0.0,0.0,1.0,0.0,4.5,4.2,2.8,7.0,102.0,295.0,124.0,0.12,0.02,0.14,0.12,0.14,0.11,0.07,0.19,0.11,0.18,Matches,Manchester-City
1,Erling Haaland,no NOR,FW,24-267,40,39,3431.0,38.1,30.0,4.0,34.0,26.0,4.0,7.0,2.0,0.0,29.8,25.2,3.1,28.3,27.0,27.0,135.0,0.79,0.1,0.89,0.68,0.79,0.83,0.09,0.91,0.7,0.78,Matches,Manchester-City
2,Bernardo Silva,pt POR,"MF,FW",30-247,41,34,3187.0,35.4,3.0,4.0,7.0,3.0,0.0,0.0,8.0,0.0,4.0,4.0,4.9,8.8,117.0,147.0,240.0,0.08,0.11,0.2,0.08,0.2,0.12,0.15,0.28,0.12,0.28,Matches,Manchester-City
3,Ederson,br BRA,GK,31-240,33,33,2950.0,32.8,0.0,4.0,4.0,0.0,0.0,0.0,3.0,0.0,0.0,0.0,1.5,1.5,0.0,1.0,0.0,0.0,0.12,0.12,0.0,0.12,0.0,0.05,0.05,0.0,0.05,Matches,Manchester-City
4,Rico Lewis,eng ENG,"DF,MF",20-144,40,31,2900.0,32.2,1.0,5.0,6.0,1.0,0.0,0.0,5.0,1.0,1.9,1.9,2.8,4.7,56.0,163.0,100.0,0.03,0.16,0.19,0.03,0.19,0.07,0.1,0.17,0.07,0.17,Matches,Manchester-City
5,Phil Foden,eng ENG,"MF,FW",24-321,40,30,2725.0,30.3,10.0,5.0,15.0,10.0,0.0,0.0,2.0,0.0,6.8,6.8,5.9,12.8,71.0,142.0,192.0,0.33,0.17,0.5,0.33,0.5,0.26,0.22,0.48,0.26,0.48,Matches,Manchester-City
6,İlkay Gündoğan,de GER,MF,34-172,43,31,2707.0,30.1,2.0,4.0,6.0,2.0,0.0,0.0,2.0,0.0,4.3,4.3,3.2,7.5,71.0,158.0,105.0,0.07,0.13,0.2,0.07,0.2,0.17,0.12,0.29,0.17,0.29,Matches,Manchester-City
7,Sávio,br BRA,"FW,MF",21-004,40,30,2512.0,27.9,2.0,10.0,12.0,2.0,0.0,0.0,4.0,0.0,6.2,6.2,7.6,13.8,164.0,81.0,318.0,0.07,0.36,0.43,0.07,0.43,0.25,0.31,0.56,0.25,0.56,Matches,Manchester-City
8,Rúben Dias,pt POR,DF,27-335,33,28,2499.0,27.8,0.0,0.0,0.0,0.0,0.0,0.0,6.0,0.0,1.3,1.3,0.3,1.5,32.0,123.0,7.0,0.0,0.0,0.0,0.0,0.0,0.05,0.01,0.06,0.05,0.06,Matches,Manchester-City
9,Manuel Akanji,ch SUI,DF,29-269,30,29,2486.0,27.6,0.0,1.0,1.0,0.0,0.0,0.0,3.0,0.0,1.0,1.0,1.0,2.0,54.0,204.0,8.0,0.0,0.04,0.04,0.0,0.04,0.04,0.04,0.07,0.04,0.07,Matches,Manchester-City
10,Mateo Kovačić,hr CRO,MF,30-343,36,26,2399.0,26.7,6.0,1.0,7.0,6.0,0.0,0.0,6.0,0.0,1.9,1.9,3.6,5.5,59.0,163.0,20.0,0.23,0.04,0.26,0.23,0.26,0.08,0.15,0.23,0.08,0.23,Matches,Manchester-City
11,Matheus Nunes,pt POR,"MF,DF",26-230,33,24,2143.0,23.8,3.0,8.0,11.0,2.0,1.0,1.0,6.0,0.0,1.5,0.7,5.4,6.1,80.0,93.0,208.0,0.13,0.34,0.46,0.08,0.42,0.08,0.28,0.35,0.03,0.31,Matches,Manchester-City
12,Kevin De Bruyne,be BEL,MF,33-290,33,21,1876.0,20.8,5.0,8.0,13.0,5.0,0.0,0.0,2.0,0.0,3.9,3.9,9.2,13.1,55.0,152.0,161.0,0.24,0.38,0.62,0.24,0.62,0.21,0.49,0.7,0.21,0.7,Matches,Manchester-City
13,Jeremy Doku,be BEL,FW,22-322,30,19,1650.0,18.3,6.0,7.0,13.0,5.0,1.0,1.0,1.0,0.0,1.3,1.3,4.2,5.5,195.0,66.0,279.0,0.33,0.38,0.71,0.27,0.65,0.08,0.26,0.33,0.08,0.33,Matches,Manchester-City
14,Stefan Ortega,de GER,GK,32-159,17,16,1460.0,16.2,0.0,0.0,0.0,0.0,0.0,0.0,1.0,0.0,0.0,0.0,0.0,0.0,0.0,1.0,0.0,0.0,0.0,0.0,0.0,0.0,0.0,0.0,0.0,0.0,0.0,Matches,Manchester-City
15,Jack Grealish,eng ENG,"FW,MF",29-216,30,15,1455.0,16.2,3.0,5.0,8.0,2.0,1.0,1.0,4.0,0.0,1.9,1.9,2.3,4.2,92.0,71.0,154.0,0.19,0.31,0.49,0.12,0.43,0.16,0.19,0.35,0.16,0.35,Matches,Manchester-City
16,Kyle Walker,eng ENG,DF,34-321,18,11,1163.0,12.9,0.0,0.0,0.0,0.0,0.0,0.0,3.0,0.0,0.2,0.2,0.4,0.6,13.0,75.0,13.0,0.0,0.0,0.0,0.0,0.0,0.01,0.04,0.05,0.01,0.05,Matches,Manchester-City
17,John Stones,eng ENG,"DF,MF",30-321,20,13,1136.0,12.6,3.0,2.0,5.0,3.0,0.0,0.0,2.0,0.0,1.1,1.1,0.5,1.6,21.0,52.0,5.0,0.24,0.16,0.4,0.24,0.4,0.11,0.05,0.16,0.11,0.16,Matches,Manchester-City
18,Nathan Aké,nl NED,DF,30-055,18,14,1126.0,12.5,0.0,0.0,0.0,0.0,0.0,0.0,0.0,0.0,0.6,0.6,0.0,0.6,14.0,66.0,4.0,0.0,0.0,0.0,0.0,0.0,0.05,0.0,0.06,0.05,0.06,Matches,Manchester-City
19,Omar Marmoush,eg EGY,FW,26-066,14,11,953.0,10.6,7.0,0.0,7.0,7.0,0.0,0.0,0.0,0.0,4.0,4.0,1.5,5.5,21.0,21.0,58.0,0.66,0.0,0.66,0.66,0.66,0.43,0.16,0.59,0.43,0.59,Matches,Manchester-City
20,James Mcatee,eng ENG,"MF,FW",22-178,24,7,820.0,9.1,7.0,0.0,7.0,7.0,0.0,0.0,4.0,0.0,3.1,3.1,0.4,3.5,13.0,16.0,33.0,0.77,0.0,0.77,0.77,0.77,0.83,0.11,0.94,0.83,0.94,Matches,Manchester-City
21,Nico O’Reilly,eng ENG,FW,20-024,13,9,806.0,9.0,4.0,2.0,6.0,4.0,0.0,0.0,0.0,0.0,0.3,0.3,0.1,0.3,9.0,10.0,16.0,0.45,0.22,0.67,0.45,0.67,0.08,0.02,0.1,0.08,0.1,Matches,Manchester-City
22,Nicolás González,es ESP,MF,23-101,11,9,697.0,7.7,1.0,0.0,1.0,1.0,0.0,0.0,4.0,0.0,1.1,1.1,0.1,1.2,7.0,46.0,9.0,0.13,0.0,0.13,0.13,0.13,0.16,0.01,0.16,0.16,0.16,Matches,Manchester-City
23,Abdukodir Khusanov,uz UZB,DF,21-044,9,8,683.0,7.6,1.0,0.0,1.0,1.0,0.0,0.0,2.0,0.0,0.1,0.1,0.1,0.2,2.0,30.0,8.0,0.13,0.0,0.13,0.13,0.13,0.01,0.02,0.03,0.01,0.03,Matches,Manchester-City
24,Jahmai Simpson-Pusey,eng ENG,DF,19-161,6,3,315.0,3.5,0.0,0.0,0.0,0.0,0.0,0.0,1.0,0.0,0.0,0.0,0.1,0.1,1.0,11.0,0.0,0.0,0.0,0.0,0.0,0.0,0.0,0.02,0.02,0.0,0.02,Matches,Manchester-City
25,Rodri,es ESP,MF,28-296,3,2,155.0,1.7,0.0,0.0,0.0,0.0,0.0,0.0,0.0,0.0,0.0,0.0,0.1,0.1,2.0,11.0,2.0,0.0,0.0,0.0,0.0,0.0,0.02,0.05,0.07,0.02,0.07,Matches,Manchester-City
26,Vitor Reis,br BRA,DF,19-092,3,2,136.0,1.5,0.0,0.0,0.0,0.0,0.0,0.0,0.0,0.0,0.0,0.0,0.0,0.0,0.0,0.0,0.0,0.0,0.0,0.0,0.0,0.0,0.0,0.0,0.0,0.0,0.0,Matches,Manchester-City
27,Divin Mubama,eng ENG,FW,20-171,2,1,118.0,1.3,1.0,0.0,1.0,1.0,0.0,0.0,0.0,0.0,0.0,0.0,0.0,0.0,0.0,1.0,0.0,0.76,0.0,0.76,0.76,0.76,0.12,0.0,0.12,0.12,0.12,Matches,Manchester-City
28,Oscar Bobb,no NOR,FW,21-276,3,1,104.0,1.2,0.0,1.0,1.0,0.0,0.0,0.0,0.0,0.0,0.0,0.0,0.1,0.1,1.0,1.0,1.0,0.0,0.87,0.87,0.0,0.87,0.0,0.44,0.44,0.0,0.44,Matches,Manchester-City
29,Kaden Braithwaite,eng ENG,DF,17-065,1,1,75.0,0.8,0.0,0.0,0.0,0.0,0.0,0.0,0.0,0.0,,,,,,,,0.0,0.0,0.0,0.0,0.0,,,,,,Matches,Manchester-City
30,Jacob Wright,eng ENG,MF,19-205,2,0,46.0,0.5,0.0,0.0,0.0,0.0,0.0,0.0,0.0,0.0,,,,,,,,0.0,0.0,0.0,0.0,0.0,,,,,,Matches,Manchester-City
0,Diogo Dalot,pt POR,DF,26-027,49,48,4267.0,47.4,2.0,5.0,7.0,2.0,0.0,0.0,8.0,1.0,3.5,3.5,3.4,6.9,84.0,158.0,216.0,0.04,0.11,0.15,0.04,0.15,0.08,0.08,0.17,0.08,0.17,Matches,Manchester-United
1,Bruno Fernandes,pt POR,MF,30-218,48,47,4155.0,46.2,16.0,16.0,32.0,11.0,5.0,5.0,9.0,3.0,12.5,8.6,10.3,18.9,89.0,358.0,162.0,0.35,0.35,0.69,0.24,0.58,0.32,0.26,0.58,0.22,0.48,Matches,Manchester-United
2,André Onana,cm CMR,GK,29-012,43,43,3900.0,43.3,0.0,0.0,0.0,0.0,0.0,0.0,1.0,0.0,0.0,0.0,0.2,0.2,0.0,1.0,0.0,0.0,0.0,0.0,0.0,0.0,0.0,0.0,0.0,0.0,0.0,Matches,Manchester-United
3,Noussair Mazraoui,ma MAR,DF,27-151,48,43,3852.0,42.8,0.0,2.0,2.0,0.0,0.0,0.0,4.0,0.0,0.7,0.7,1.7,2.4,54.0,160.0,59.0,0.0,0.05,0.05,0.0,0.05,0.02,0.05,0.06,0.02,0.06,Matches,Manchester-United
4,Matthijs de Ligt,nl NED,DF,25-245,40,35,3050.0,33.9,2.0,0.0,2.0,2.0,0.0,0.0,5.0,0.0,2.7,2.7,0.6,3.3,9.0,74.0,8.0,0.06,0.0,0.06,0.06,0.06,0.09,0.02,0.11,0.09,0.11,Matches,Manchester-United
5,Alejandro Garnacho,ar ARG,"MF,FW",20-287,49,30,2984.0,33.2,10.0,8.0,18.0,10.0,0.0,0.0,2.0,0.0,9.8,9.8,4.7,14.5,173.0,64.0,352.0,0.3,0.24,0.54,0.3,0.54,0.34,0.16,0.5,0.34,0.5,Matches,Manchester-United
6,Lisandro Martínez,ar ARG,DF,27-086,32,31,2704.0,30.0,2.0,2.0,4.0,2.0,0.0,0.0,9.0,0.0,1.7,1.7,2.1,3.8,43.0,184.0,12.0,0.07,0.07,0.13,0.07,0.13,0.07,0.08,0.15,0.07,0.15,Matches,Manchester-United
7,Rasmus Højlund,dk DEN,FW,22-069,43,29,2554.0,28.4,8.0,2.0,10.0,8.0,0.0,0.0,2.0,0.0,7.6,7.6,3.7,11.3,35.0,24.0,114.0,0.28,0.07,0.35,0.28,0.35,0.31,0.15,0.45,0.31,0.45,Matches,Manchester-United
8,Manuel Ugarte Ribeiro,uy URU,MF,24-003,37,30,2416.0,26.8,1.0,2.0,3.0,1.0,0.0,0.0,13.0,0.0,1.2,1.2,1.2,2.5,10.0,60.0,25.0,0.04,0.07,0.11,0.04,0.11,0.06,0.06,0.11,0.06,0.11,Matches,Manchester-United
9,Amad Diallo,ci CIV,"FW,MF",22-277,36,24,2325.0,25.8,9.0,7.0,16.0,9.0,0.0,0.0,3.0,0.0,5.4,5.4,5.3,10.7,125.0,67.0,219.0,0.35,0.27,0.62,0.35,0.62,0.24,0.23,0.47,0.24,0.47,Matches,Manchester-United
10,Joshua Zirkzee,nl NED,"FW,MF",23-327,48,22,2246.0,25.0,7.0,2.0,9.0,7.0,0.0,0.0,2.0,0.0,6.5,6.5,2.7,9.2,22.0,64.0,94.0,0.28,0.08,0.36,0.28,0.36,0.3,0.13,0.43,0.3,0.43,Matches,Manchester-United
11,Casemiro,br BRA,MF,33-050,35,24,2193.0,24.4,3.0,0.0,3.0,3.0,0.0,0.0,5.0,0.0,2.7,2.7,2.5,5.2,7.0,102.0,40.0,0.12,0.0,0.12,0.12,0.12,0.13,0.12,0.25,0.13,0.25,Matches,Manchester-United
12,Harry Maguire,eng ENG,DF,32-040,31,23,2078.0,23.1,3.0,0.0,3.0,3.0,0.0,0.0,8.0,0.0,2.1,2.1,0.3,2.4,7.0,52.0,5.0,0.13,0.0,0.13,0.13,0.13,0.12,0.02,0.13,0.12,0.13,Matches,Manchester-United
13,Kobbie Mainoo,eng ENG,MF,19-360,27,19,1657.0,18.4,1.0,1.0,2.0,1.0,0.0,0.0,7.0,0.0,1.2,1.2,2.2,3.4,23.0,61.0,47.0,0.05,0.05,0.11,0.05,0.11,0.07,0.14,0.21,0.07,0.21,Matches,Manchester-United
14,Christian Eriksen,dk DEN,MF,33-059,29,18,1558.0,17.3,4.0,4.0,8.0,4.0,0.0,0.0,3.0,0.0,0.6,0.6,3.8,4.4,14.0,61.0,38.0,0.23,0.23,0.46,0.23,0.46,0.04,0.25,0.3,0.04,0.3,Matches,Manchester-United
15,Marcus Rashford,eng ENG,"FW,MF",27-165,24,19,1491.0,16.6,7.0,3.0,10.0,7.0,0.0,0.0,4.0,0.0,2.7,2.7,2.6,5.3,36.0,34.0,117.0,0.42,0.18,0.6,0.42,0.6,0.19,0.18,0.37,0.19,0.37,Matches,Manchester-United
16,Leny Yoro,fr FRA,DF,19-152,25,16,1467.0,16.3,1.0,0.0,1.0,1.0,0.0,0.0,5.0,0.0,0.9,0.9,0.0,0.9,23.0,49.0,5.0,0.06,0.0,0.06,0.06,0.06,0.07,0.0,0.07,0.07,0.07,Matches,Manchester-United
17,Patrick Dorgu,dk DEN,DF,20-170,10,9,752.0,8.4,0.0,0.0,0.0,0.0,0.0,0.0,1.0,1.0,0.7,0.7,1.0,1.7,29.0,22.0,67.0,0.0,0.0,0.0,0.0,0.0,0.09,0.13,0.21,0.09,0.21,Matches,Manchester-United
18,Victor Lindelöf,se SWE,DF,30-271,17,7,724.0,8.0,0.0,0.0,0.0,0.0,0.0,0.0,1.0,0.0,0.0,0.0,0.1,0.1,1.0,11.0,1.0,0.0,0.0,0.0,0.0,0.0,0.0,0.01,0.01,0.0,0.01,Matches,Manchester-United
19,Altay Bayındır,tr TUR,GK,27-000,7,7,660.0,7.3,0.0,0.0,0.0,0.0,0.0,0.0,1.0,0.0,0.0,0.0,0.0,0.0,0.0,0.0,0.0,0.0,0.0,0.0,0.0,0.0,0.0,0.0,0.0,0.0,0.0,Matches,Manchester-United
20,Jonny Evans,nir NIR,DF,37-101,12,6,625.0,6.9,1.0,0.0,1.0,1.0,0.0,0.0,1.0,0.0,0.1,0.1,0.0,0.1,1.0,11.0,3.0,0.14,0.0,0.14,0.14,0.14,0.02,0.0,0.02,0.02,0.02,Matches,Manchester-United
21,Mason Mount,eng ENG,"MF,FW",26-094,17,6,504.0,5.6,0.0,0.0,0.0,0.0,0.0,0.0,4.0,0.0,1.8,1.8,0.2,2.1,6.0,22.0,20.0,0.0,0.0,0.0,0.0,0.0,0.37,0.05,0.42,0.37,0.42,Matches,Manchester-United
22,Toby Collyer,eng ENG,MF,21-101,13,3,473.0,5.3,0.0,0.0,0.0,0.0,0.0,0.0,1.0,0.0,0.2,0.2,0.3,0.4,4.0,11.0,2.0,0.0,0.0,0.0,0.0,0.0,0.05,0.08,0.13,0.05,0.13,Matches,Manchester-United
23,Antony,br BRA,"DF,MF",25-049,14,3,414.0,4.6,1.0,0.0,1.0,0.0,1.0,1.0,0.0,0.0,1.4,1.4,0.3,1.7,10.0,9.0,30.0,0.22,0.0,0.22,0.0,0.0,0.46,0.11,0.57,0.46,0.57,Matches,Manchester-United
24,Tyrell Malacia,nl NED,DF,25-240,8,5,315.0,3.5,0.0,0.0,0.0,0.0,0.0,0.0,2.0,0.0,0.0,0.0,0.2,0.2,6.0,12.0,29.0,0.0,0.0,0.0,0.0,0.0,0.0,0.05,0.05,0.0,0.05,Matches,Manchester-United
25,Ayden Heaven,eng ENG,DF,18-204,4,2,215.0,2.4,0.0,0.0,0.0,0.0,0.0,0.0,0.0,0.0,0.0,0.0,0.0,0.0,1.0,3.0,1.0,0.0,0.0,0.0,0.0,0.0,0.0,0.0,0.0,0.0,0.0,Matches,Manchester-United
26,Luke Shaw,eng ENG,DF,29-276,4,0,114.0,1.3,0.0,0.0,0.0,0.0,0.0,0.0,0.0,0.0,0.0,0.0,0.3,0.3,1.0,10.0,0.0,0.0,0.0,0.0,0.0,0.0,0.0,0.24,0.24,0.0,0.24,Matches,Manchester-United
27,Chidozie Obi-Martin,dk DEN,FW,17-136,4,0,81.0,0.9,0.0,0.0,0.0,0.0,0.0,0.0,1.0,0.0,0.0,0.0,0.0,0.0,1.0,1.0,2.0,0.0,0.0,0.0,0.0,0.0,0.0,0.0,0.0,0.0,0.0,Matches,Manchester-United
28,Harry Amass,eng ENG,DF,18-029,2,1,76.0,0.8,0.0,0.0,0.0,0.0,0.0,0.0,0.0,0.0,0.0,0.0,0.0,0.0,0.0,1.0,1.0,0.0,0.0,0.0,0.0,0.0,0.03,0.0,0.03,0.03,0.03,Matches,Manchester-United
29,Scott McTominay,sct SCO,MF,28-127,3,0,52.0,0.6,0.0,0.0,0.0,0.0,0.0,0.0,0.0,0.0,0.1,0.1,0.0,0.1,0.0,1.0,2.0,0.0,0.0,0.0,0.0,0.0,0.33,0.0,0.33,0.33,0.33,Matches,Manchester-United
30,Facundo Pellistri,uy URU,"FW,MF",23-115,1,0,33.0,0.4,0.0,0.0,0.0,0.0,0.0,0.0,0.0,0.0,,,,,,,,0.0,0.0,0.0,0.0,0.0,,,,,,Matches,Manchester-United
31,Jadon Sancho,eng ENG,"FW,MF",25-020,1,0,8.0,0.1,0.0,0.0,0.0,0.0,0.0,0.0,0.0,0.0,,,,,,,,0.0,0.0,0.0,0.0,0.0,,,,,,Matches,Manchester-United
32,Ethan Wheatley,eng ENG,FW,19-084,1,0,6.0,0.1,0.0,0.0,0.0,0.0,0.0,0.0,0.0,0.0,,,,,,,,0.0,0.0,0.0,0.0,0.0,,,,,,Matches,Manchester-United
0,Dan Burn,eng ENG,DF,32-340,39,37,3344.0,37.2,1.0,0.0,1.0,1.0,0.0,0.0,9.0,0.0,1.3,1.3,0.6,1.9,6.0,47.0,6.0,0.03,0.0,0.03,0.03,0.03,0.04,0.02,0.06,0.04,0.06,Matches,Newcastle-United
1,Bruno Guimarães,br BRA,MF,27-149,40,35,3234.0,35.9,4.0,8.0,12.0,4.0,0.0,0.0,7.0,0.0,3.4,3.4,5.4,8.8,45.0,217.0,72.0,0.11,0.22,0.33,0.11,0.33,0.12,0.18,0.3,0.12,0.3,Matches,Newcastle-United
2,Fabian Schär,ch SUI,DF,33-115,35,33,3017.0,33.5,4.0,1.0,5.0,3.0,1.0,1.0,9.0,1.0,1.7,1.7,0.3,1.9,13.0,79.0,17.0,0.12,0.03,0.15,0.09,0.12,0.06,0.01,0.08,0.06,0.08,Matches,Newcastle-United
3,Valentino Livramento,eng ENG,DF,22-153,38,31,2828.0,31.4,0.0,1.0,1.0,0.0,0.0,0.0,3.0,0.0,0.2,0.2,2.2,2.4,61.0,123.0,79.0,0.0,0.03,0.03,0.0,0.03,0.01,0.09,0.1,0.01,0.1,Matches,Newcastle-United
4,Alexander Isak,se SWE,FW,25-205,36,35,2809.0,31.2,24.0,6.0,30.0,21.0,3.0,3.0,1.0,0.0,16.6,15.1,4.0,19.0,74.0,73.0,180.0,0.77,0.19,0.96,0.67,0.87,0.66,0.16,0.82,0.6,0.76,Matches,Newcastle-United
5,Joelinton,br BRA,"MF,FW",28-243,35,35,2808.0,31.2,4.0,2.0,6.0,4.0,0.0,0.0,11.0,0.0,3.9,3.9,2.1,6.0,37.0,112.0,102.0,0.13,0.06,0.19,0.13,0.19,0.16,0.08,0.24,0.16,0.24,Matches,Newcastle-United
6,Sandro Tonali,it ITA,MF,24-341,38,28,2678.0,29.8,5.0,2.0,7.0,5.0,0.0,0.0,6.0,0.0,3.5,3.5,0.7,4.1,30.0,89.0,42.0,0.17,0.07,0.24,0.17,0.24,0.16,0.03,0.19,0.16,0.19,Matches,Newcastle-United
7,Lewis Hall,eng ENG,DF,20-218,34,29,2657.0,29.5,0.0,4.0,4.0,0.0,0.0,0.0,4.0,0.0,0.4,0.4,4.3,4.7,41.0,123.0,80.0,0.0,0.14,0.14,0.0,0.14,0.02,0.18,0.19,0.02,0.19,Matches,Newcastle-United
8,Anthony Gordon,eng ENG,FW,24-049,35,30,2619.0,29.1,9.0,6.0,15.0,7.0,2.0,3.0,4.0,1.0,7.8,6.3,4.9,11.2,104.0,88.0,188.0,0.31,0.21,0.52,0.24,0.45,0.33,0.21,0.54,0.27,0.47,Matches,Newcastle-United
9,Jacob Murphy,eng ENG,FW,30-049,34,28,2290.0,25.4,8.0,12.0,20.0,8.0,0.0,0.0,3.0,0.0,5.5,5.5,7.3,12.8,62.0,60.0,175.0,0.31,0.47,0.79,0.31,0.79,0.26,0.35,0.61,0.26,0.61,Matches,Newcastle-United
10,Nick Pope,eng ENG,GK,32-360,25,25,2250.0,25.0,0.0,0.0,0.0,0.0,0.0,0.0,4.0,0.0,0.0,0.0,0.0,0.0,0.0,0.0,0.0,0.0,0.0,0.0,0.0,0.0,0.0,0.0,0.0,0.0,0.0,Matches,Newcastle-United
11,Harvey Barnes,eng ENG,FW,27-126,33,15,1539.0,17.1,8.0,3.0,11.0,8.0,0.0,0.0,0.0,0.0,5.8,5.8,3.2,8.9,63.0,58.0,127.0,0.47,0.18,0.64,0.47,0.64,0.44,0.24,0.68,0.44,0.68,Matches,Newcastle-United
12,Martin Dúbravka,sk SVK,GK,36-089,16,16,1425.0,15.8,0.0,0.0,0.0,0.0,0.0,0.0,0.0,0.0,0.0,0.0,0.0,0.0,0.0,0.0,0.0,0.0,0.0,0.0,0.0,0.0,0.0,0.0,0.0,0.0,0.0,Matches,Newcastle-United
13,Kieran Trippier,eng ENG,DF,34-207,26,15,1362.0,15.1,0.0,1.0,1.0,0.0,0.0,0.0,1.0,0.0,0.1,0.1,0.7,0.7,18.0,61.0,32.0,0.0,0.07,0.07,0.0,0.07,0.01,0.06,0.07,0.01,0.07,Matches,Newcastle-United
14,Joe Willock,eng ENG,"MF,FW",25-237,35,14,1294.0,14.4,3.0,2.0,5.0,3.0,0.0,0.0,3.0,0.0,0.9,0.9,1.6,2.5,30.0,34.0,68.0,0.21,0.14,0.35,0.21,0.35,0.1,0.17,0.27,0.1,0.27,Matches,Newcastle-United
15,Sean Longstaff,eng ENG,MF,27-166,30,12,1197.0,13.3,0.0,1.0,1.0,0.0,0.0,0.0,4.0,0.0,0.6,0.6,0.2,0.8,4.0,38.0,20.0,0.0,0.08,0.08,0.0,0.08,0.07,0.02,0.09,0.07,0.09,Matches,Newcastle-United
16,Emil Krafth,se SWE,DF,30-255,13,6,604.0,6.7,0.0,0.0,0.0,0.0,0.0,0.0,0.0,0.0,0.0,0.0,0.1,0.1,3.0,3.0,1.0,0.0,0.0,0.0,0.0,0.0,0.01,0.03,0.04,0.01,0.04,Matches,Newcastle-United
17,Lloyd Kelly,eng ENG,DF,26-190,14,7,599.0,6.7,0.0,1.0,1.0,0.0,0.0,0.0,2.0,0.0,0.4,0.4,0.5,0.9,0.0,9.0,5.0,0.0,0.15,0.15,0.0,0.15,0.12,0.14,0.26,0.12,0.26,Matches,Newcastle-United
18,Lewis Miley,eng ENG,MF,18-348,16,4,462.0,5.1,2.0,0.0,2.0,2.0,0.0,0.0,0.0,0.0,0.5,0.5,0.0,0.6,1.0,13.0,6.0,0.39,0.0,0.39,0.39,0.39,0.22,0.01,0.23,0.22,0.23,Matches,Newcastle-United
19,Miguel Almirón,py PAR,FW,31-063,14,4,419.0,4.7,0.0,0.0,0.0,0.0,0.0,0.0,0.0,0.0,0.5,0.5,0.3,0.8,3.0,6.0,18.0,0.0,0.0,0.0,0.0,0.0,0.3,0.15,0.45,0.3,0.45,Matches,Newcastle-United
20,Sven Botman,nl NED,DF,25-092,5,5,393.0,4.4,0.0,0.0,0.0,0.0,0.0,0.0,1.0,0.0,0.0,0.0,0.0,0.0,0.0,3.0,0.0,0.0,0.0,0.0,0.0,0.0,0.01,0.0,0.01,0.01,0.01,Matches,Newcastle-United
21,William Osula,dk DEN,FW,21-253,16,3,379.0,4.2,1.0,2.0,3.0,1.0,0.0,0.0,1.0,0.0,0.0,0.0,0.1,0.1,1.0,1.0,7.0,0.24,0.47,0.71,0.24,0.71,0.04,0.09,0.13,0.04,0.13,Matches,Newcastle-United
22,Callum Wilson,eng ENG,FW,33-046,15,2,323.0,3.6,1.0,0.0,1.0,1.0,0.0,0.0,1.0,0.0,0.3,0.3,0.1,0.4,4.0,3.0,7.0,0.28,0.0,0.28,0.28,0.28,0.14,0.03,0.17,0.14,0.17,Matches,Newcastle-United
23,Matt Targett,eng ENG,DF,29-208,4,2,222.0,2.5,0.0,1.0,1.0,0.0,0.0,0.0,0.0,0.0,0.0,0.0,0.0,0.0,0.0,0.0,0.0,0.0,0.41,0.41,0.0,0.41,0.0,0.0,0.0,0.0,0.0,Matches,Newcastle-United
24,Odisseas Vlachodimos,gr GRE,GK,30-353,1,0,45.0,0.5,0.0,0.0,0.0,0.0,0.0,0.0,0.0,0.0,,,,,,,,0.0,0.0,0.0,0.0,0.0,,,,,,Matches,Newcastle-United
25,Trevan Sanusi,eng ENG,FW,17-354,1,0,22.0,0.2,0.0,0.0,0.0,0.0,0.0,0.0,0.0,0.0,,,,,,,,0.0,0.0,0.0,0.0,0.0,,,,,,Matches,Newcastle-United
0,Matz Sels,be BEL,GK,33-048,35,34,3182.0,35.4,0.0,0.0,0.0,0.0,0.0,0.0,2.0,0.0,0.0,0.0,0.0,0.0,0.0,1.0,0.0,0.0,0.0,0.0,0.0,0.0,0.0,0.0,0.0,0.0,0.0,Matches,Nottingham-Forest
1,Murillo,br BRA,DF,22-285,33,33,2988.0,33.2,1.0,0.0,1.0,1.0,0.0,0.0,5.0,0.0,1.2,1.2,1.1,2.3,19.0,99.0,4.0,0.03,0.0,0.03,0.03,0.03,0.04,0.04,0.08,0.04,0.08,Matches,Nottingham-Forest
2,Nikola Milenković,rs SRB,DF,27-185,33,32,2941.0,32.7,4.0,2.0,6.0,4.0,0.0,0.0,4.0,0.0,3.6,3.6,0.8,4.4,3.0,45.0,5.0,0.12,0.06,0.18,0.12,0.18,0.12,0.03,0.14,0.12,0.14,Matches,Nottingham-Forest
3,Ola Aina,ng NGA,DF,28-189,32,32,2809.0,31.2,2.0,1.0,3.0,2.0,0.0,0.0,2.0,0.0,0.6,0.6,0.7,1.3,54.0,91.0,52.0,0.06,0.03,0.1,0.06,0.1,0.02,0.03,0.05,0.02,0.05,Matches,Nottingham-Forest
4,Elliot Anderson,eng ENG,MF,22-160,35,29,2537.0,28.2,1.0,6.0,7.0,1.0,0.0,0.0,7.0,0.0,1.6,1.6,3.1,4.7,36.0,112.0,77.0,0.04,0.21,0.25,0.04,0.25,0.07,0.12,0.19,0.07,0.19,Matches,Nottingham-Forest
5,Chris Wood,nz NZL,FW,33-129,33,29,2521.0,28.0,18.0,3.0,21.0,15.0,3.0,3.0,1.0,0.0,11.0,8.7,2.0,10.6,13.0,33.0,74.0,0.64,0.11,0.75,0.54,0.64,0.41,0.07,0.48,0.32,0.39,Matches,Nottingham-Forest
6,Morgan Gibbs-White,eng ENG,MF,25-078,31,29,2517.0,28.0,5.0,7.0,12.0,5.0,0.0,0.0,9.0,1.0,4.3,4.3,4.4,8.7,62.0,139.0,112.0,0.18,0.25,0.43,0.18,0.43,0.17,0.17,0.34,0.17,0.34,Matches,Nottingham-Forest
7,Callum Hudson-Odoi,eng ENG,FW,24-159,31,25,2293.0,25.5,5.0,2.0,7.0,5.0,0.0,0.0,2.0,0.0,2.5,2.5,2.7,5.2,123.0,66.0,186.0,0.2,0.08,0.27,0.2,0.27,0.11,0.12,0.22,0.11,0.22,Matches,Nottingham-Forest
8,Neco Williams,wls WAL,DF,24-002,33,23,2266.0,25.2,1.0,2.0,3.0,1.0,0.0,0.0,7.0,0.0,2.2,2.2,1.4,3.6,53.0,70.0,77.0,0.04,0.08,0.12,0.04,0.12,0.1,0.06,0.16,0.1,0.16,Matches,Nottingham-Forest
9,Anthony Elanga,se SWE,FW,22-353,36,26,2206.0,24.5,6.0,9.0,15.0,6.0,0.0,0.0,1.0,0.0,3.9,3.9,4.3,8.3,79.0,47.0,162.0,0.24,0.37,0.61,0.24,0.61,0.18,0.19,0.37,0.18,0.37,Matches,Nottingham-Forest
10,Ryan Yates,eng ENG,MF,27-145,33,21,2125.0,23.6,4.0,1.0,5.0,4.0,0.0,0.0,10.0,0.0,2.3,2.3,1.1,3.4,17.0,45.0,12.0,0.17,0.04,0.21,0.17,0.21,0.12,0.06,0.18,0.12,0.18,Matches,Nottingham-Forest
11,Nicolás Domínguez,ar ARG,"MF,FW",26-291,32,20,1831.0,20.3,0.0,0.0,0.0,0.0,0.0,0.0,10.0,0.0,1.4,1.4,1.3,2.7,12.0,60.0,24.0,0.0,0.0,0.0,0.0,0.0,0.08,0.07,0.15,0.08,0.15,Matches,Nottingham-Forest
12,Álex Moreno,es ESP,"DF,MF",31-311,19,15,1306.0,14.5,0.0,1.0,1.0,0.0,0.0,0.0,3.0,0.0,0.2,0.2,1.3,1.4,26.0,34.0,34.0,0.0,0.07,0.07,0.0,0.07,0.02,0.12,0.13,0.02,0.13,Matches,Nottingham-Forest
13,Jota Silva,pt POR,"FW,MF",25-257,32,8,1116.0,12.4,4.0,2.0,6.0,4.0,0.0,0.0,6.0,0.0,1.9,1.9,2.9,4.8,19.0,16.0,54.0,0.32,0.16,0.48,0.32,0.48,0.2,0.31,0.52,0.2,0.52,Matches,Nottingham-Forest
14,Morato,br BRA,DF,23-289,25,7,965.0,10.7,0.0,0.0,0.0,0.0,0.0,0.0,3.0,0.0,0.2,0.2,0.0,0.2,0.0,14.0,1.0,0.0,0.0,0.0,0.0,0.0,0.02,0.0,0.02,0.02,0.02,Matches,Nottingham-Forest
15,Taiwo Awoniyi,ng NGA,FW,27-246,28,8,756.0,8.4,2.0,0.0,2.0,2.0,0.0,0.0,0.0,0.0,2.1,2.1,0.1,2.2,6.0,7.0,19.0,0.24,0.0,0.24,0.24,0.24,0.52,0.03,0.55,0.52,0.55,Matches,Nottingham-Forest
16,Ramón Sosa,py PAR,"FW,MF",25-227,19,4,524.0,5.8,3.0,1.0,4.0,3.0,0.0,0.0,1.0,0.0,0.9,0.9,0.5,1.4,11.0,4.0,15.0,0.52,0.17,0.69,0.52,0.69,0.32,0.17,0.49,0.32,0.49,Matches,Nottingham-Forest
17,James Ward-Prowse,eng ENG,MF,30-165,10,6,484.0,5.4,0.0,1.0,1.0,0.0,0.0,0.0,2.0,1.0,0.1,0.1,1.1,1.2,1.0,16.0,3.0,0.0,0.19,0.19,0.0,0.19,0.01,0.25,0.26,0.01,0.26,Matches,Nottingham-Forest
18,Willy Boly,ci CIV,DF,34-071,9,4,450.0,5.0,0.0,0.0,0.0,0.0,0.0,0.0,1.0,0.0,0.1,0.1,0.0,0.1,0.0,2.0,0.0,0.0,0.0,0.0,0.0,0.0,0.04,0.0,0.04,0.04,0.04,Matches,Nottingham-Forest
19,Ibrahim Sangaré,ci CIV,MF,27-134,11,5,439.0,4.9,0.0,3.0,3.0,0.0,0.0,0.0,3.0,0.0,0.0,0.0,0.4,0.4,0.0,12.0,2.0,0.0,0.62,0.62,0.0,0.62,0.01,0.11,0.12,0.01,0.12,Matches,Nottingham-Forest
20,Danilo,br BRA,"MF,FW",23-351,10,7,392.0,4.4,0.0,0.0,0.0,0.0,0.0,0.0,0.0,0.0,0.0,0.0,0.0,0.0,2.0,10.0,1.0,0.0,0.0,0.0,0.0,0.0,0.0,0.0,0.0,0.0,0.0,Matches,Nottingham-Forest
21,Eric da Silva Moreira,de GER,"MF,DF",18-347,5,3,307.0,3.4,0.0,0.0,0.0,0.0,0.0,0.0,0.0,0.0,0.0,0.0,0.0,0.0,1.0,0.0,1.0,0.0,0.0,0.0,0.0,0.0,0.0,0.0,0.0,0.0,0.0,Matches,Nottingham-Forest
22,Harry Toffolo,eng ENG,DF,29-239,5,2,257.0,2.9,0.0,0.0,0.0,0.0,0.0,0.0,0.0,0.0,0.0,0.0,0.0,0.0,0.0,2.0,4.0,0.0,0.0,0.0,0.0,0.0,0.03,0.0,0.03,0.03,0.03,Matches,Nottingham-Forest
23,Carlos Miguel,br BRA,GK,26-188,3,3,238.0,2.6,0.0,0.0,0.0,0.0,0.0,0.0,0.0,0.0,,,,,,,,0.0,0.0,0.0,0.0,0.0,,,,,,Matches,Nottingham-Forest
24,Andrew Omobamidele,ie IRL,DF,22-296,1,1,90.0,1.0,0.0,0.0,0.0,0.0,0.0,0.0,0.0,0.0,,,,,,,,0.0,0.0,0.0,0.0,0.0,,,,,,Matches,Nottingham-Forest
25,Zach Abbott,eng ENG,DF,18-337,1,1,59.0,0.7,0.0,0.0,0.0,0.0,0.0,0.0,1.0,0.0,,,,,,,,0.0,0.0,0.0,0.0,0.0,,,,,,Matches,Nottingham-Forest
0,Mateus Fernandes,pt POR,MF,20-279,36,33,2849.0,31.7,3.0,5.0,8.0,3.0,0.0,0.0,8.0,0.0,3.7,3.7,2.4,6.2,67.0,122.0,91.0,0.09,0.16,0.25,0.09,0.25,0.14,0.09,0.23,0.14,0.23,Matches,Southampton
1,Kyle Walker-Peters,eng ENG,DF,28-002,32,32,2828.0,31.4,0.0,2.0,2.0,0.0,0.0,0.0,5.0,0.0,0.6,0.6,2.7,3.3,108.0,129.0,127.0,0.0,0.06,0.06,0.0,0.06,0.02,0.09,0.11,0.02,0.11,Matches,Southampton
2,Taylor Harwood-Bellis,eng ENG,DF,23-075,33,31,2750.0,30.6,3.0,0.0,3.0,3.0,0.0,0.0,8.0,0.0,1.7,1.7,0.8,2.6,27.0,108.0,8.0,0.1,0.0,0.1,0.1,0.1,0.07,0.03,0.1,0.07,0.1,Matches,Southampton
3,Jan Bednarek,pl POL,DF,29-003,30,30,2496.0,27.7,2.0,0.0,2.0,2.0,0.0,0.0,7.0,0.0,0.7,0.7,0.5,1.2,4.0,55.0,1.0,0.07,0.0,0.07,0.07,0.07,0.03,0.02,0.05,0.03,0.05,Matches,Southampton
4,Joe Aribo,ng NGA,"MF,DF",28-268,35,25,2347.0,26.1,3.0,0.0,3.0,3.0,0.0,0.0,1.0,0.0,2.7,2.7,1.6,4.3,35.0,71.0,64.0,0.12,0.0,0.12,0.12,0.12,0.13,0.07,0.2,0.13,0.2,Matches,Southampton
5,Aaron Ramsdale,eng ENG,GK,26-336,26,26,2340.0,26.0,0.0,0.0,0.0,0.0,0.0,0.0,2.0,0.0,0.0,0.0,0.0,0.0,0.0,0.0,0.0,0.0,0.0,0.0,0.0,0.0,0.0,0.0,0.0,0.0,0.0,Matches,Southampton
6,Tyler Dibling,eng ENG,"FW,MF",19-034,33,22,2006.0,22.3,4.0,2.0,6.0,4.0,0.0,0.0,7.0,0.0,2.4,2.4,1.5,3.9,65.0,59.0,86.0,0.18,0.09,0.27,0.18,0.27,0.13,0.08,0.21,0.13,0.21,Matches,Southampton
7,Flynn Downes,eng ENG,MF,26-085,23,20,1712.0,19.0,1.0,0.0,1.0,1.0,0.0,0.0,11.0,0.0,0.6,0.6,0.9,1.5,21.0,55.0,26.0,0.05,0.0,0.05,0.05,0.05,0.03,0.05,0.08,0.03,0.08,Matches,Southampton
8,Lesley Ugochukwu,fr FRA,MF,21-020,26,18,1628.0,18.1,0.0,2.0,2.0,0.0,0.0,0.0,5.0,0.0,0.7,0.7,1.0,1.7,22.0,47.0,19.0,0.0,0.11,0.11,0.0,0.11,0.05,0.07,0.12,0.05,0.12,Matches,Southampton
9,Yukinari Sugawara,jp JPN,"DF,MF",24-291,31,16,1587.0,17.6,1.0,1.0,2.0,1.0,0.0,0.0,4.0,0.0,0.5,0.5,2.2,2.7,32.0,68.0,76.0,0.06,0.06,0.11,0.06,0.11,0.03,0.14,0.17,0.03,0.17,Matches,Southampton
10,Cameron Archer,eng ENG,FW,23-268,34,16,1571.0,17.5,5.0,0.0,5.0,5.0,0.0,1.0,0.0,0.0,5.1,4.3,0.4,4.6,18.0,14.0,62.0,0.29,0.0,0.29,0.29,0.29,0.35,0.03,0.37,0.29,0.32,Matches,Southampton
11,Ryan Manning,ie IRL,"DF,MF",28-305,23,18,1465.0,16.3,0.0,0.0,0.0,0.0,0.0,0.0,3.0,0.0,0.3,0.3,2.6,2.9,12.0,28.0,63.0,0.0,0.0,0.0,0.0,0.0,0.02,0.2,0.22,0.02,0.22,Matches,Southampton
12,Adam Armstrong,eng ENG,"FW,MF",28-064,23,17,1430.0,15.9,3.0,2.0,5.0,2.0,1.0,2.0,6.0,0.0,3.3,2.3,1.2,3.5,25.0,21.0,79.0,0.19,0.13,0.31,0.13,0.25,0.24,0.09,0.32,0.17,0.25,Matches,Southampton
13,James Bree,eng ENG,DF,27-186,20,17,1400.0,15.6,2.0,1.0,3.0,2.0,0.0,0.0,2.0,0.0,0.1,0.1,0.9,1.0,9.0,30.0,34.0,0.13,0.06,0.19,0.13,0.19,0.01,0.09,0.1,0.01,0.1,Matches,Southampton
14,Kamaldeen Sulemana,gh GHA,"FW,MF",23-059,24,13,1151.0,12.8,2.0,3.0,5.0,2.0,0.0,0.0,1.0,0.0,1.1,1.1,0.7,1.8,50.0,20.0,67.0,0.16,0.23,0.39,0.16,0.39,0.1,0.07,0.16,0.1,0.16,Matches,Southampton
15,Jack Stephens,eng ENG,DF,31-078,14,12,984.0,10.9,0.0,0.0,0.0,0.0,0.0,0.0,2.0,2.0,0.3,0.3,0.1,0.4,11.0,45.0,1.0,0.0,0.0,0.0,0.0,0.0,0.02,0.01,0.04,0.02,0.04,Matches,Southampton
16,Paul Onuachu,ng NGA,FW,30-322,25,10,982.0,10.9,4.0,1.0,5.0,4.0,0.0,0.0,3.0,0.0,3.2,3.2,0.5,3.7,7.0,12.0,37.0,0.37,0.09,0.46,0.37,0.46,0.32,0.05,0.37,0.32,0.37,Matches,Southampton
17,Nathan Wood-Gordon,eng ENG,DF,22-319,13,10,912.0,10.1,0.0,0.0,0.0,0.0,0.0,0.0,3.0,0.0,0.2,0.2,0.0,0.3,2.0,17.0,0.0,0.0,0.0,0.0,0.0,0.0,0.03,0.0,0.04,0.03,0.04,Matches,Southampton
18,Alex McCarthy,eng ENG,GK,35-133,8,8,720.0,8.0,0.0,0.0,0.0,0.0,0.0,0.0,0.0,0.0,0.0,0.0,0.0,0.0,0.0,0.0,0.0,0.0,0.0,0.0,0.0,0.0,0.0,0.0,0.0,0.0,0.0,Matches,Southampton
19,William Smallbone,ie IRL,MF,25-053,16,6,645.0,7.2,1.0,0.0,1.0,1.0,0.0,0.0,1.0,0.0,0.4,0.4,0.6,1.1,5.0,23.0,21.0,0.14,0.0,0.14,0.14,0.14,0.06,0.09,0.16,0.06,0.16,Matches,Southampton
20,Ben Brereton,cl CHI,FW,25-362,13,4,507.0,5.6,0.0,0.0,0.0,0.0,0.0,0.0,2.0,0.0,0.9,0.9,0.1,1.0,12.0,9.0,42.0,0.0,0.0,0.0,0.0,0.0,0.18,0.02,0.2,0.18,0.2,Matches,Southampton
21,Charlie Taylor,eng ENG,DF,31-209,9,4,446.0,5.0,0.0,2.0,2.0,0.0,0.0,0.0,1.0,0.0,0.0,0.0,0.1,0.1,3.0,8.0,6.0,0.0,0.4,0.4,0.0,0.4,0.0,0.03,0.03,0.0,0.03,Matches,Southampton
22,Adam Lallana,eng ENG,MF,36-340,18,6,445.0,4.9,0.0,2.0,2.0,0.0,0.0,0.0,4.0,0.0,0.2,0.2,0.9,1.1,6.0,24.0,10.0,0.0,0.4,0.4,0.0,0.4,0.04,0.23,0.27,0.04,0.27,Matches,Southampton
23,Ryan Fraser,sct SCO,"FW,DF",31-050,10,6,404.0,4.5,0.0,0.0,0.0,0.0,0.0,0.0,0.0,1.0,0.0,0.0,0.1,0.1,10.0,8.0,18.0,0.0,0.0,0.0,0.0,0.0,0.01,0.03,0.04,0.01,0.04,Matches,Southampton
24,Joe Lumley,eng ENG,GK,30-059,4,4,360.0,4.0,0.0,0.0,0.0,0.0,0.0,0.0,0.0,0.0,0.0,0.0,0.0,0.0,0.0,0.0,0.0,0.0,0.0,0.0,0.0,0.0,0.0,0.0,0.0,0.0,0.0,Matches,Southampton
25,Armel Bella Kotchap,de GER,DF,23-125,5,2,358.0,4.0,0.0,0.0,0.0,0.0,0.0,0.0,0.0,0.0,0.3,0.3,0.0,0.3,0.0,5.0,0.0,0.0,0.0,0.0,0.0,0.0,0.09,0.0,0.09,0.09,0.09,Matches,Southampton
26,Welington,br BRA,"DF,MF",24-055,7,4,299.0,3.3,0.0,0.0,0.0,0.0,0.0,0.0,1.0,0.0,0.0,0.0,0.0,0.0,3.0,6.0,10.0,0.0,0.0,0.0,0.0,0.0,0.0,0.02,0.02,0.0,0.02,Matches,Southampton
27,Maxwel Cornet,ci CIV,FW,28-200,4,2,188.0,2.1,0.0,0.0,0.0,0.0,0.0,0.0,2.0,0.0,0.2,0.2,0.0,0.2,1.0,0.0,5.0,0.0,0.0,0.0,0.0,0.0,0.2,0.0,0.2,0.2,0.2,Matches,Southampton
28,Ross Stewart,sct SCO,"FW,MF",28-278,7,1,182.0,2.0,0.0,0.0,0.0,0.0,0.0,0.0,1.0,0.0,0.1,0.1,0.0,0.1,1.0,1.0,5.0,0.0,0.0,0.0,0.0,0.0,0.06,0.0,0.06,0.06,0.06,Matches,Southampton
29,Samuel Edozie,eng ENG,"DF,FW",22-077,3,1,155.0,1.7,0.0,0.0,0.0,0.0,0.0,0.0,1.0,0.0,0.0,0.0,0.1,0.1,6.0,4.0,23.0,0.0,0.0,0.0,0.0,0.0,0.0,0.14,0.14,0.0,0.14,Matches,Southampton
30,Albert Grønbaek,dk DEN,"FW,MF",23-327,5,2,148.0,1.6,0.0,0.0,0.0,0.0,0.0,0.0,0.0,0.0,0.1,0.1,0.0,0.1,1.0,1.0,3.0,0.0,0.0,0.0,0.0,0.0,0.07,0.01,0.08,0.07,0.08,Matches,Southampton
31,Samuel Amo-Ameyaw,eng ENG,"FW,DF",18-271,4,1,127.0,1.4,1.0,0.0,1.0,1.0,0.0,0.0,1.0,0.0,0.0,0.0,0.1,0.1,1.0,0.0,3.0,0.71,0.0,0.71,0.71,0.71,0.07,0.22,0.29,0.07,0.29,Matches,Southampton
32,Ronnie Edwards,eng ENG,DF,22-018,2,1,97.0,1.1,0.0,0.0,0.0,0.0,0.0,0.0,0.0,0.0,0.0,0.0,0.0,0.0,0.0,0.0,0.0,0.0,0.0,0.0,0.0,0.0,0.0,0.0,0.0,0.0,0.0,Matches,Southampton
33,Carlos Alcaraz,ar ARG,MF,22-136,1,0,10.0,0.1,0.0,0.0,0.0,0.0,0.0,0.0,0.0,0.0,0.1,0.1,0.1,0.2,4.0,6.0,1.0,0.0,0.0,0.0,0.0,0.0,0.62,0.86,1.48,0.62,1.48,Matches,Southampton
34,Romeo Akachukwu,ie IRL,MF,18-261,1,0,5.0,0.1,0.0,0.0,0.0,0.0,0.0,0.0,0.0,0.0,,,,,,,,0.0,0.0,0.0,0.0,0.0,,,,,,Matches,Southampton
35,Jay Robinson,eng ENG,MF,18-031,1,0,2.0,0.0,0.0,0.0,0.0,0.0,0.0,0.0,0.0,0.0,0.0,0.0,0.0,0.0,1.0,0.0,0.0,0.0,0.0,0.0,0.0,0.0,0.0,1.69,1.69,0.0,1.69,Matches,Southampton
36,Joe O'Brien-Whitmarsh,ie IRL,FW,,1,0,1.0,0.0,0.0,0.0,0.0,0.0,0.0,0.0,0.0,0.0,,,,,,,,0.0,0.0,0.0,0.0,0.0,,,,,,Matches,Southampton
37,Juan Larios,es ESP,DF,21-093,1,0,1.0,0.0,0.0,0.0,0.0,0.0,0.0,0.0,0.0,0.0,,,,,,,,0.0,0.0,0.0,0.0,0.0,,,,,,Matches,Southampton
