,Player,Nation,Pos,Age,MP,Starts,Min,90s,GA,GA90,SoTA,Saves,Save%,W,D,L,CS,CS%,PKatt,PKA,PKsv,PKm,Save%,Matches,Squad,League
0,David Raya,es ESP,GK,29-238,35,35,3150,35.0,31,0.89,108,77,74.1,18,13,4,12,34.3,3,3,0,0,0.0,Matches,Arsenal,Premier-League
1,Emiliano Martínez,ar ARG,GK,32-251,35,35,3060,34.0,45,1.32,136,90,67.6,17,9,9,7,20.0,2,1,1,0,50.0,Matches,Aston-Villa,Premier-League
2,Robin Olsen,se SWE,GK,35-123,3,1,180,2.0,4,2.0,9,5,55.6,1,0,0,1,100.0,0,0,0,0,,Matches,Aston-Villa,Premier-League
3,Kepa Arrizabalaga,es ESP,GK,30-221,29,29,2610,29.0,36,1.24,129,93,75.2,12,7,10,7,24.1,4,4,0,0,0.0,Matches,Bournemouth,Premier-League
4,Mark Travers,ie IRL,GK,25-359,5,5,450,5.0,5,1.0,25,20,80.0,2,2,1,1,20.0,0,0,0,0,,Matches,Bournemouth,Premier-League
5,Neto,br BRA,GK,35-297,2,2,180,2.0,2,1.0,13,11,84.6,0,2,0,0,0.0,0,0,0,0,,Matches,Bournemouth,Premier-League
6,Mark Flekken,nl NED,GK,31-332,35,35,3095,34.4,51,1.48,190,141,73.7,16,7,12,7,20.0,1,1,0,0,0.0,Matches,Brentford,Premier-League
7,Hákon Rafn Valdimarsson,is ISL,GK,23-210,2,1,145,1.6,2,1.24,4,3,50.0,0,0,1,1,100.0,0,0,0,0,,Matches,Brentford,Premier-League
8,Bart Verbruggen,nl NED,GK,22-266,34,34,3060,34.0,55,1.62,136,83,65.4,12,13,9,7,20.6,8,8,0,0,0.0,Matches,Brighton-and-Hove-Albion,Premier-League
9,Jason Steele,eng ENG,GK,34-266,2,2,180,2.0,1,0.5,4,3,75.0,2,0,0,1,50.0,0,0,0,0,,Matches,Brighton-and-Hove-Albion,Premier-League
10,Robert Sánchez,es ESP,GK,27-174,29,29,2610,29.0,32,1.1,118,85,76.3,15,9,5,8,27.6,5,4,1,0,20.0,Matches,Chelsea,Premier-League
11,Filip Jørgensen,dk DEN,GK,23-025,6,6,540,6.0,9,1.5,28,19,71.4,3,0,3,1,16.7,1,1,0,0,0.0,Matches,Chelsea,Premier-League
12,Dean Henderson,eng ENG,GK,28-061,35,35,3150,35.0,48,1.37,143,97,67.1,11,13,11,10,28.6,2,1,1,0,50.0,Matches,Crystal-Palace,Premier-League
13,Jordan Pickford,eng ENG,GK,31-066,36,36,3240,36.0,44,1.22,155,109,71.6,9,15,12,10,27.8,2,0,2,0,100.0,Matches,Everton,Premier-League
14,Bernd Leno,de GER,GK,33-068,36,36,3240,36.0,50,1.39,149,101,67.8,14,9,13,5,13.9,2,2,0,0,0.0,Matches,Fulham,Premier-League
15,Arijanet Muric,xk KVX,GK,26-186,18,18,1620,18.0,33,1.83,100,67,70.0,2,6,10,1,5.6,3,3,0,0,0.0,Matches,Ipswich-Town,Premier-League
16,Alex Palmer,eng ENG,GK,28-275,12,12,1080,12.0,28,2.33,68,42,60.3,1,3,8,0,0.0,1,1,0,0,0.0,Matches,Ipswich-Town,Premier-League
17,Christian Walton,eng ENG,GK,29-184,6,6,540,6.0,16,2.67,33,17,57.6,1,1,4,1,16.7,2,2,0,0,0.0,Matches,Ipswich-Town,Premier-League
18,Mads Hermansen,dk DEN,GK,24-305,27,27,2385,26.5,58,2.19,155,99,64.5,3,6,18,1,3.7,4,3,1,0,25.0,Matches,Leicester-City,Premier-League
19,Jakub Stolarczyk,pl POL,GK,24-144,7,7,630,7.0,12,1.71,31,19,61.3,2,0,5,1,14.3,0,0,0,0,,Matches,Leicester-City,Premier-League
20,Danny Ward,wls WAL,GK,31-324,2,1,135,1.5,6,4.0,10,4,40.0,0,0,1,0,0.0,0,0,0,0,,Matches,Leicester-City,Premier-League
21,Alisson,br BRA,GK,32-221,25,25,2238,24.9,23,0.92,77,56,71.4,18,5,2,9,36.0,1,1,0,0,0.0,Matches,Liverpool,Premier-League
22,Caoimhín Kelleher,ie IRL,GK,26-169,10,10,900,10.0,12,1.2,37,24,67.6,7,2,1,4,40.0,1,0,1,0,100.0,Matches,Liverpool,Premier-League
23,Vitezslav Jaros,cz CZE,GK,23-292,1,0,12,0.1,0,0.0,1,1,100.0,0,0,0,1,,0,0,0,0,,Matches,Liverpool,Premier-League
24,Ederson,br BRA,GK,31-267,24,24,2140,23.8,25,1.05,73,49,68.5,14,4,6,9,37.5,2,2,0,0,0.0,Matches,Manchester-City,Premier-League
25,Stefan Ortega,de GER,GK,32-186,13,12,1100,12.2,18,1.47,50,33,68.0,5,4,3,3,25.0,2,2,0,0,0.0,Matches,Manchester-City,Premier-League
26,André Onana,cm CMR,GK,29-039,33,33,2970,33.0,43,1.3,129,86,69.0,10,9,14,9,27.3,4,3,1,0,25.0,Matches,Manchester-United,Premier-League
27,Altay Bayındır,tr TUR,GK,27-027,2,2,180,2.0,8,4.0,12,5,33.3,0,0,2,0,0.0,0,0,0,0,,Matches,Manchester-United,Premier-League
28,Nick Pope,eng ENG,GK,33-022,25,25,2250,25.0,33,1.32,107,75,70.1,12,6,7,7,28.0,2,1,1,0,50.0,Matches,Newcastle-United,Premier-League
29,Martin Dúbravka,sk SVK,GK,36-116,10,10,900,10.0,12,1.2,41,29,70.7,7,0,3,5,50.0,0,0,0,0,,Matches,Newcastle-United,Premier-League
30,Matz Sels,be BEL,GK,33-075,35,35,3150,35.0,42,1.2,152,110,74.3,18,7,10,13,37.1,3,3,0,0,0.0,Matches,Nottingham-Forest,Premier-League
31,Aaron Ramsdale,eng ENG,GK,26-363,28,28,2520,28.0,62,2.21,177,113,67.8,2,5,21,3,10.7,7,5,2,0,28.6,Matches,Southampton,Premier-League
32,Alex McCarthy,eng ENG,GK,35-160,5,5,450,5.0,13,2.6,37,24,70.3,0,0,5,0,0.0,2,2,0,0,0.0,Matches,Southampton,Premier-League
33,Joe Lumley,eng ENG,GK,30-086,3,3,270,3.0,7,2.33,20,13,65.0,0,1,2,0,0.0,0,0,0,0,,Matches,Southampton,Premier-League
34,Guglielmo Vicario,it ITA,GK,28-217,23,23,2070,23.0,33,1.43,94,63,64.9,9,3,11,4,17.4,0,0,0,0,,Matches,Tottenham-Hotspur,Premier-League
35,Fraser Forster,eng ENG,GK,37-056,7,7,630,7.0,15,2.14,42,27,69.0,1,2,4,1,14.3,2,2,0,0,0.0,Matches,Tottenham-Hotspur,Premier-League
36,Antonín Kinský,cz CZE,GK,22-060,4,4,360,4.0,7,1.75,16,11,56.3,1,0,3,1,25.0,0,0,0,0,,Matches,Tottenham-Hotspur,Premier-League
37,Brandon Austin,eng ENG,GK,26-124,1,1,90,1.0,2,2.0,4,2,50.0,0,0,1,0,0.0,0,0,0,0,,Matches,Tottenham-Hotspur,Premier-League
38,Alphonse Areola,fr FRA,GK,32-073,24,23,2080,23.1,39,1.69,105,69,62.9,4,7,12,4,17.4,0,0,0,0,,Matches,West-Ham-United,Premier-League
39,Łukasz Fabiański,pl POL,GK,40-023,13,12,1070,11.9,20,1.68,67,47,74.6,5,3,4,2,16.7,3,3,0,0,0.0,Matches,West-Ham-United,Premier-League
40,José Sá,pt POR,GK,32-114,28,28,2520,28.0,47,1.68,110,63,61.8,11,4,13,7,25.0,7,5,2,0,28.6,Matches,Wolverhampton-Wanderers,Premier-League
41,Sam Johnstone,eng ENG,GK,32-047,7,7,630,7.0,17,2.43,39,23,61.5,0,1,6,0,0.0,2,2,0,0,0.0,Matches,Wolverhampton-Wanderers,Premier-League
42,Daniel Bentley,eng ENG,GK,31-302,1,1,90,1.0,0,0.0,2,2,100.0,1,0,0,1,100.0,0,0,0,0,,Matches,Wolverhampton-Wanderers,Premier-League
43,Antonio Sivera,es ESP,GK,28-273,28,28,2450,27.2,37,1.36,100,64,72.0,7,9,12,6,21.4,9,9,0,0,0.0,Matches,Alaves,La-Liga
44,Jesús Owono,gq EQG,GK,24-071,6,5,487,5.4,7,1.29,14,7,57.1,1,1,3,0,0.0,1,1,0,0,0.0,Matches,Alaves,La-Liga
45,Adrian Rodriguez,es ESP,GK,24-150,2,1,122,1.4,2,1.48,6,4,83.3,0,1,0,1,100.0,1,1,0,0,0.0,Matches,Alaves,La-Liga
46,Unai Simón,es ESP,GK,27-335,17,17,1530,17.0,11,0.65,54,42,79.6,7,8,2,7,41.2,1,0,1,0,100.0,Matches,Athletic-Club,La-Liga
47,Julen Agirrezabala,es ESP,GK,24-137,14,14,1206,13.4,9,0.67,34,24,76.5,9,4,1,5,35.7,2,1,1,0,50.0,Matches,Athletic-Club,La-Liga
48,Alex Padilla,es ESP,GK,21-253,5,3,321,3.6,6,1.68,17,12,70.6,0,1,2,0,0.0,1,1,0,0,0.0,Matches,Athletic-Club,La-Liga
49,Jan Oblak,si SVN,GK,32-124,34,34,3060,34.0,27,0.79,104,79,78.8,19,10,5,15,44.1,5,5,0,0,0.0,Matches,Atletico-Madrid,La-Liga
50,Juan Musso,ar ARG,GK,31-005,1,1,90,1.0,0,0.0,1,1,100.0,1,0,0,1,100.0,0,0,0,0,,Matches,Atletico-Madrid,La-Liga
51,Iñaki Peña,es ESP,GK,26-070,15,14,1306,14.5,18,1.24,52,34,69.2,6,3,5,3,21.4,2,2,0,0,0.0,Matches,Barcelona,La-Liga
52,Wojciech Szczęsny,pl POL,GK,35-023,13,13,1170,13.0,9,0.69,27,18,66.7,12,1,0,7,53.8,0,0,0,0,,Matches,Barcelona,La-Liga
53,Marc-André ter Stegen,de GER,GK,33-011,7,7,584,6.5,6,0.92,19,13,73.7,7,0,0,1,14.3,1,1,0,0,0.0,Matches,Barcelona,La-Liga
54,Adrián,es ESP,GK,38-129,15,15,1350,15.0,19,1.27,52,33,65.4,10,2,3,3,20.0,1,1,0,0,0.0,Matches,Real-Betis,La-Liga
55,Rui Silva,pt POR,GK,31-094,15,15,1350,15.0,18,1.2,54,37,72.2,5,5,5,4,26.7,3,3,0,0,0.0,Matches,Real-Betis,La-Liga
56,Fran Vieites,es ESP,GK,26-005,4,4,360,4.0,5,1.25,11,6,54.5,1,2,1,0,0.0,0,0,0,0,,Matches,Real-Betis,La-Liga
57,Vicente Guaita,es ESP,GK,38-121,31,31,2790,31.0,45,1.45,120,75,65.0,12,7,12,7,22.6,3,3,0,0,0.0,Matches,Celta-Vigo,La-Liga
58,Iván Villar,es ESP,GK,27-306,4,4,360,4.0,9,2.25,18,10,50.0,2,0,2,0,0.0,1,0,1,0,100.0,Matches,Celta-Vigo,La-Liga
59,Joan García,es ESP,GK,24-008,34,34,3060,34.0,44,1.29,176,130,77.3,10,9,15,7,20.6,6,4,2,0,33.3,Matches,Espanyol,La-Liga
60,David Soria,es ESP,GK,32-038,35,35,3150,35.0,34,0.97,115,80,77.4,10,9,16,9,25.7,9,8,1,0,11.1,Matches,Getafe,La-Liga
61,Paulo Gazzaniga,ar ARG,GK,33-130,35,35,3105,34.5,51,1.48,139,86,64.7,10,8,17,7,20.0,5,2,3,0,60.0,Matches,Girona,La-Liga
62,Pau López,es ESP,GK,30-150,1,0,45,0.5,2,4.0,3,1,33.3,0,0,0,0,,0,0,0,0,,Matches,Girona,La-Liga
63,Jasper Cillessen,nl NED,GK,36-020,27,27,2335,25.9,42,1.62,128,85,70.3,6,8,13,3,11.1,8,4,3,1,42.9,Matches,Las-Palmas,La-Liga
64,Dinko Horkaš,hr CRO,GK,26-063,10,8,815,9.1,15,1.66,44,29,65.9,2,0,6,1,12.5,1,0,1,0,100.0,Matches,Las-Palmas,La-Liga
65,Marko Dmitrović,rs SRB,GK,33-108,28,28,2520,28.0,44,1.57,132,90,72.0,5,11,12,8,28.6,8,7,0,1,0.0,Matches,Leganes,La-Liga
66,Juan Soriano,es ESP,GK,27-262,6,6,540,6.0,7,1.17,25,19,72.0,1,2,3,1,16.7,0,0,0,0,,Matches,Leganes,La-Liga
67,Dominik Greif,sk SVK,GK,28-036,29,29,2610,29.0,32,1.1,104,73,71.2,11,7,11,6,20.7,2,2,0,0,0.0,Matches,Mallorca,La-Liga
68,Leo Román,es ESP,GK,24-310,6,6,540,6.0,8,1.33,37,29,81.1,2,1,3,2,33.3,1,1,0,0,0.0,Matches,Mallorca,La-Liga
69,Sergio Herrera,es ESP,GK,31-341,33,33,2970,33.0,50,1.52,161,112,72.7,10,13,10,6,18.2,6,6,0,0,0.0,Matches,Osasuna,La-Liga
70,Aitor Fernández,es ESP,GK,34-009,1,1,90,1.0,0,0.0,5,5,100.0,0,1,0,1,100.0,0,0,0,0,,Matches,Osasuna,La-Liga
71,Augusto Batalla,ar ARG,GK,29-012,29,29,2610,29.0,36,1.24,122,85,73.8,9,10,10,7,24.1,6,4,2,0,33.3,Matches,Rayo-Vallecano,La-Liga
72,Cárdenas,es ESP,GK,28-045,6,6,540,6.0,6,1.0,20,14,70.0,3,1,2,2,33.3,0,0,0,0,,Matches,Rayo-Vallecano,La-Liga
73,Thibaut Courtois,be BEL,GK,33-000,28,28,2520,28.0,24,0.86,93,70,77.4,19,6,3,11,39.3,3,3,0,0,0.0,Matches,Real-Madrid,La-Liga
74,Andriy Lunin,ua UKR,GK,26-089,5,5,450,5.0,7,1.4,18,11,61.1,4,0,1,2,40.0,0,0,0,0,,Matches,Real-Madrid,La-Liga
75,Fran,es ESP,GK,19-321,1,1,90,1.0,2,2.0,2,0,0.0,0,0,1,0,0.0,0,0,0,0,,Matches,Real-Madrid,La-Liga
76,Álex Remiro,es ESP,GK,30-049,34,34,3060,34.0,40,1.18,123,82,71.5,12,7,15,13,38.2,6,5,1,0,16.7,Matches,Real-Sociedad,La-Liga
77,Unai Marrero,es ESP,GK,23-215,1,1,90,1.0,1,1.0,4,3,75.0,0,0,1,0,0.0,0,0,0,0,,Matches,Real-Sociedad,La-Liga
78,Ørjan Nyland,no NOR,GK,34-244,28,28,2493,27.7,37,1.34,103,66,67.0,7,10,11,6,21.4,4,3,1,0,25.0,Matches,Sevilla,La-Liga
79,Álvaro Fernández,es ESP,GK,27-029,8,7,657,7.3,12,1.64,29,17,65.5,2,1,4,3,42.9,2,2,0,0,0.0,Matches,Sevilla,La-Liga
80,Giorgi Mamardashvili,ge GEO,GK,24-225,31,31,2790,31.0,45,1.45,123,79,66.7,11,10,10,8,25.8,6,4,2,0,33.3,Matches,Valencia,La-Liga
81,Stole Dimitrievski,mk MKD,GK,31-138,4,4,360,4.0,6,1.5,12,6,58.3,0,2,2,0,0.0,2,1,0,1,0.0,Matches,Valencia,La-Liga
82,Karl Jakob Hein,ee EST,GK,23-029,28,28,2520,28.0,63,2.25,148,86,59.5,4,4,20,5,17.9,3,3,0,0,0.0,Matches,Valladolid,La-Liga
83,André Ferreira,pt POR,GK,28-348,6,6,540,6.0,20,3.33,39,19,56.4,0,0,6,0,0.0,3,3,0,0,0.0,Matches,Valladolid,La-Liga
84,Arnau Rafús,es ESP,GK,22-015,1,1,90,1.0,2,2.0,2,0,0.0,0,0,1,0,0.0,0,0,0,0,,Matches,Valladolid,La-Liga
85,Diego Conde,es ESP,GK,26-196,21,21,1872,20.8,31,1.49,88,58,68.2,10,6,5,2,9.5,4,3,0,1,0.0,Matches,Villarreal,La-Liga
86,Luiz Lúcio Reis Júnior,br BRA,GK,24-118,15,14,1278,14.2,16,1.13,51,35,76.5,7,4,3,4,28.6,4,4,0,0,0.0,Matches,Villarreal,La-Liga
87,Marco Carnesecchi,it ITA,GK,24-315,32,32,2880,32.0,30,0.94,116,88,75.9,18,7,7,13,40.6,2,2,0,0,0.0,Matches,Atalanta,Serie-A
88,Rui Patrício,pt POR,GK,37-086,2,2,180,2.0,1,0.5,9,8,88.9,1,1,0,1,50.0,0,0,0,0,,Matches,Atalanta,Serie-A
89,Juan Musso,ar ARG,GK,31-006,1,1,90,1.0,0,0.0,4,4,100.0,1,0,0,1,100.0,0,0,0,0,,Matches,Atalanta,Serie-A
90,Łukasz Skorupski,pl POL,GK,34-007,26,26,2274,25.3,30,1.19,77,48,62.3,11,12,3,8,30.8,2,1,1,0,50.0,Matches,Bologna,Serie-A
91,Federico Ravaglia,it ITA,GK,25-182,11,10,966,10.7,11,1.02,21,10,52.4,5,2,3,4,40.0,1,1,0,0,0.0,Matches,Bologna,Serie-A
92,Elia Caprile,it ITA,GK,23-260,17,17,1530,17.0,22,1.29,65,43,67.7,4,4,9,4,23.5,1,1,0,0,0.0,Matches,Cagliari,Serie-A
93,Simone Scuffet,it ITA,GK,28-346,13,13,1170,13.0,23,1.77,56,33,67.9,3,3,7,1,7.7,5,5,0,0,0.0,Matches,Cagliari,Serie-A
94,Alen Sherri,al ALB,GK,27-148,6,6,540,6.0,9,1.5,25,16,64.0,1,2,3,1,16.7,0,0,0,0,,Matches,Cagliari,Serie-A
95,Jean Butez,fr FRA,GK,29-338,17,17,1530,17.0,18,1.06,62,44,74.2,8,3,6,5,29.4,2,2,0,0,0.0,Matches,Como,Serie-A
96,Pepe Reina,es ESP,GK,42-254,11,11,990,11.0,13,1.18,38,25,68.4,3,4,4,2,18.2,1,1,0,0,0.0,Matches,Como,Serie-A
97,Emil Audero,id IDN,GK,28-114,8,8,720,8.0,18,2.25,34,16,58.8,2,2,4,0,0.0,4,4,0,0,0.0,Matches,Como,Serie-A
98,Devis Vásquez,co COL,GK,27-000,30,30,2700,30.0,42,1.4,119,76,65.5,5,12,13,6,20.0,3,1,1,1,50.0,Matches,Empoli,Serie-A
99,Marco Silvestri,it ITA,GK,34-071,5,5,450,5.0,11,2.2,27,17,59.3,0,1,4,0,0.0,0,0,0,0,,Matches,Empoli,Serie-A
100,Jacopo Seghetti,it ITA,GK,20-084,1,1,90,1.0,3,3.0,6,3,50.0,0,0,1,0,0.0,0,0,0,0,,Matches,Empoli,Serie-A
101,David de Gea,es ESP,GK,34-185,32,32,2880,32.0,32,1.0,125,92,75.2,17,5,10,11,34.4,3,1,2,0,66.7,Matches,Fiorentina,Serie-A
102,Pietro Terracciano,it ITA,GK,35-064,3,3,270,3.0,3,1.0,13,10,76.9,0,3,0,1,33.3,0,0,0,0,,Matches,Fiorentina,Serie-A
103,Nicola Leali,it ITA,GK,32-083,28,28,2520,28.0,28,1.0,105,79,76.2,8,10,10,10,35.7,4,3,1,0,25.0,Matches,Genoa,Serie-A
104,Pierluigi Gollini,it ITA,GK,30-054,7,7,630,7.0,15,2.14,32,16,62.5,1,2,4,1,14.3,4,3,1,0,25.0,Matches,Genoa,Serie-A
105,Lorenzo Montipò,it ITA,GK,29-081,34,34,3060,34.0,62,1.82,153,91,60.8,9,5,20,8,23.5,4,2,1,1,33.3,Matches,Hellas-Verona,Serie-A
106,Simone Perilli,it ITA,GK,30-125,1,1,90,1.0,1,1.0,6,5,83.3,0,0,1,0,0.0,0,0,0,0,,Matches,Hellas-Verona,Serie-A
107,Yann Sommer,ch SUI,GK,36-145,31,31,2790,31.0,30,0.97,108,78,74.1,19,7,5,12,38.7,3,2,1,0,33.3,Matches,Internazionale,Serie-A
108,Josep Martinez,es ESP,GK,26-349,4,4,360,4.0,3,0.75,11,8,72.7,3,1,0,2,50.0,0,0,0,0,,Matches,Internazionale,Serie-A
109,Michele Di Gregorio,it ITA,GK,27-288,31,31,2790,31.0,30,0.97,96,66,74.0,14,13,4,13,41.9,5,5,0,0,0.0,Matches,Juventus,Serie-A
110,Mattia Perin,it ITA,GK,32-182,5,5,450,5.0,3,0.6,16,13,81.3,2,3,0,3,60.0,0,0,0,0,,Matches,Juventus,Serie-A
111,Ivan Provedel,it ITA,GK,31-056,29,29,2610,29.0,42,1.45,92,52,58.7,15,6,8,5,17.2,4,4,0,0,0.0,Matches,Lazio,Serie-A
112,Christos Mandas,gr GRE,GK,23-237,7,7,630,7.0,4,0.57,21,17,81.0,3,4,0,4,57.1,0,0,0,0,,Matches,Lazio,Serie-A
113,Wladimiro Falcone,it ITA,GK,30-030,35,35,3150,35.0,57,1.63,168,113,70.8,6,9,20,7,20.0,10,8,1,1,11.1,Matches,Lecce,Serie-A
114,Mike Maignan,fr FRA,GK,29-312,35,35,3114,34.6,38,1.1,128,92,71.1,16,9,10,11,31.4,2,1,1,0,50.0,Matches,Milan,Serie-A
115,Marco Sportiello,it ITA,GK,33-001,2,1,126,1.4,2,1.43,6,4,66.7,1,0,0,1,100.0,0,0,0,0,,Matches,Milan,Serie-A
116,Stefano Turati,it ITA,GK,23-249,30,30,2676,29.7,52,1.75,145,93,65.5,2,7,21,2,6.7,4,2,2,0,50.0,Matches,Monza,Serie-A
117,Semuel Pizzignacco,it ITA,GK,23-253,6,5,474,5.3,11,2.09,23,12,52.2,0,2,3,1,20.0,0,0,0,0,,Matches,Monza,Serie-A
118,Alex Meret,it ITA,GK,28-050,31,31,2735,30.4,23,0.76,77,53,71.4,20,7,4,14,45.2,4,1,2,1,66.7,Matches,Napoli,Serie-A
119,Elia Caprile,it ITA,GK,23-259,4,3,325,3.6,1,0.28,8,7,87.5,3,0,0,3,100.0,0,0,0,0,,Matches,Napoli,Serie-A
120,Simone Scuffet,it ITA,GK,28-345,1,1,90,1.0,1,1.0,4,3,75.0,0,1,0,0,0.0,0,0,0,0,,Matches,Napoli,Serie-A
121,Zion Suzuki,jp JPN,GK,22-264,34,34,3060,34.8,51,1.5,144,95,68.1,6,14,15,6,17.6,5,5,0,0,0.0,Matches,Parma,Serie-A
122,Leandro Chichizola,ar ARG,GK,35-046,1,1,90,1.0,3,3.0,6,3,50.0,0,0,1,0,0.0,0,0,0,0,,Matches,Parma,Serie-A
123,Mile Svilar,rs SRB,GK,25-257,35,35,3150,35.0,32,0.91,141,110,80.1,18,9,8,15,42.9,4,4,0,0,0.0,Matches,Roma,Serie-A
124,Vanja Milinković-Savić,rs SRB,GK,28-081,34,34,3060,34.0,37,1.09,157,118,77.1,10,14,10,10,29.4,5,1,4,0,80.0,Matches,Torino,Serie-A
125,Alberto Paleari,it ITA,GK,32-256,1,1,90,1.0,3,3.0,7,4,57.1,0,0,1,0,0.0,0,0,0,0,,Matches,Torino,Serie-A
126,Maduka Okoye,ng NGA,GK,25-257,22,22,1980,22.0,33,1.5,90,60,67.8,6,4,12,4,18.2,5,4,0,1,0.0,Matches,Udinese,Serie-A
127,Razvan Sava,ro ROU,GK,22-325,12,12,1080,12.0,16,1.33,51,37,74.5,5,4,3,4,33.3,3,3,0,0,0.0,Matches,Udinese,Serie-A
128,Daniele Padelli,it ITA,GK,39-199,1,1,90,1.0,0,0.0,3,3,100.0,1,0,0,1,100.0,0,0,0,0,,Matches,Udinese,Serie-A
129,Filip Stankovic,rs SRB,GK,23-076,16,16,1367,15.2,23,1.51,83,60,77.1,2,6,8,0,0.0,5,4,1,0,20.0,Matches,Venezia,Serie-A
130,Ionuț Radu,ro ROU,GK,27-349,12,12,1080,12.0,11,0.92,50,39,82.0,1,7,4,4,33.3,2,2,0,0,0.0,Matches,Venezia,Serie-A
131,Jesse Joronen,fi FIN,GK,32-052,8,7,703,7.8,15,1.92,40,27,70.0,1,1,5,2,28.6,3,3,0,0,0.0,Matches,Venezia,Serie-A
132,Yahia Fofana,ci CIV,GK,24-264,33,33,2970,33.0,51,1.55,186,135,74.2,10,6,17,7,21.2,4,3,0,1,0.0,Matches,Angers,Ligue-1
133,Donovan Léon,gf GUF,GK,32-190,31,31,2790,31.0,45,1.45,155,113,74.2,11,8,12,9,29.0,5,5,0,0,0.0,Matches,Auxerre,Ligue-1
134,Théo De Percin,mq MTQ,GK,24-099,2,2,180,2.0,3,1.5,9,5,77.8,0,1,1,1,50.0,2,1,1,0,50.0,Matches,Auxerre,Ligue-1
135,Marco Bizot,nl NED,GK,34-063,31,31,2790,31.0,48,1.55,119,71,65.5,14,5,12,10,32.3,9,7,1,1,12.5,Matches,Brest,Ligue-1
136,Grégoire Coudert,fr FRA,GK,26-039,2,2,180,2.0,5,2.5,13,9,61.5,1,0,1,0,0.0,0,0,0,0,,Matches,Brest,Ligue-1
137,Arthur Desmas,fr FRA,GK,31-035,18,18,1620,18.0,38,2.11,93,54,61.3,5,0,13,3,16.7,3,2,1,0,33.3,Matches,Le-Havre,Ligue-1
138,Mathieu Gorgelin,fr FRA,GK,34-280,15,15,1350,15.0,31,2.07,78,48,64.1,4,4,7,1,6.7,3,3,0,0,0.0,Matches,Le-Havre,Ligue-1
139,Brice Samba,fr FRA,GK,31-016,15,15,1350,15.0,14,0.93,54,40,81.5,6,6,3,7,46.7,4,4,0,0,0.0,Matches,Lens,Ligue-1
140,Mathew Ryan,au AUS,GK,33-033,13,13,1170,13.0,17,1.31,58,40,74.1,7,1,5,5,38.5,3,2,1,0,33.3,Matches,Lens,Ligue-1
141,Hervé Koffi,bf BFA,GK,28-207,5,5,450,5.0,8,1.6,26,18,76.9,1,0,4,0,0.0,2,2,0,0,0.0,Matches,Lens,Ligue-1
142,Lucas Chevalier,fr FRA,GK,23-186,33,33,2970,33.0,35,1.06,124,90,75.0,16,9,8,11,33.3,4,4,0,0,0.0,Matches,Lille,Ligue-1
143,Lucas Perri,br BRA,GK,27-153,32,32,2880,32.0,44,1.37,157,113,73.9,16,6,10,9,28.1,3,3,0,0,0.0,Matches,Lyon,Ligue-1
144,Rémy Descamps,fr FRA,GK,28-321,1,1,90,1.0,2,2.0,6,4,66.7,0,0,1,0,0.0,0,0,0,0,,Matches,Lyon,Ligue-1
145,Gerónimo Rulli,ar ARG,GK,32-356,33,33,2970,33.0,45,1.36,132,86,68.2,19,5,9,5,15.2,6,3,3,0,50.0,Matches,Marseille,Ligue-1
146,Philipp Köhn,ch SUI,GK,27-040,18,18,1620,18.0,15,0.83,58,43,75.9,11,5,2,8,44.4,1,1,0,0,0.0,Matches,Monaco,Ligue-1
147,Radosław Majecki,pl POL,GK,25-177,15,15,1350,15.0,22,1.47,65,43,69.2,7,2,6,3,20.0,2,2,0,0,0.0,Matches,Monaco,Ligue-1
148,Benjamin Lecomte,fr FRA,GK,34-016,29,29,2610,29.0,66,2.28,167,103,64.1,3,4,22,1,3.4,7,6,1,0,14.3,Matches,Montpellier,Ligue-1
149,Dimitry Bertaud,cd COD,GK,26-340,3,3,270,3.0,8,2.67,16,8,56.3,1,0,2,0,0.0,1,1,0,0,0.0,Matches,Montpellier,Ligue-1
150,Anthony Lopes,pt POR,GK,34-223,17,17,1473,16.4,26,1.59,71,46,69.0,4,6,7,2,11.8,5,4,0,1,0.0,Matches,Nantes,Ligue-1
151,Alban Lafont,fr FRA,GK,26-109,12,12,1080,12.0,19,1.58,49,32,67.3,2,4,6,2,16.7,3,3,0,0,0.0,Matches,Nantes,Ligue-1
152,Patrik Carlgren,se SWE,GK,33-124,5,4,417,4.6,7,1.51,28,21,75.0,1,2,1,1,25.0,0,0,0,0,,Matches,Nantes,Ligue-1
153,Marcin Bułka,pl POL,GK,25-220,33,33,2970,33.0,41,1.24,160,119,75.6,16,9,8,7,21.2,3,2,1,0,33.3,Matches,Nice,Ligue-1
154,Gianluigi Donnarumma,it ITA,GK,26-075,23,23,2001,22.2,24,1.08,72,48,68.1,17,5,1,4,17.4,1,1,0,0,0.0,Matches,Paris-Saint-Germain,Ligue-1
155,Matvei Safonov,ru RUS,GK,26-075,10,9,879,9.8,9,0.92,25,17,72.0,7,1,1,3,33.3,2,2,0,0,0.0,Matches,Paris-Saint-Germain,Ligue-1
156,Arnau Tenas,es ESP,GK,23-346,1,1,90,1.0,1,1.0,4,3,75.0,1,0,0,0,0.0,0,0,0,0,,Matches,Paris-Saint-Germain,Ligue-1
157,Yehvann Diouf,fr FRA,GK,25-177,33,33,2970,33.0,45,1.36,174,128,75.9,8,9,16,7,21.2,4,3,1,0,25.0,Matches,Reims,Ligue-1
158,Steve Mandanda,fr FRA,GK,40-044,17,17,1485,16.5,23,1.39,51,29,58.8,6,2,9,6,35.3,3,2,1,0,33.3,Matches,Rennes,Ligue-1
159,Brice Samba,fr FRA,GK,31-016,16,16,1440,16.0,23,1.44,77,53,70.1,7,0,9,5,31.3,1,0,1,0,100.0,Matches,Rennes,Ligue-1
160,Gauthier Gallon,fr FRA,GK,32-018,1,0,45,0.5,0,0.0,0,0,,0,0,0,0,,0,0,0,0,,Matches,Rennes,Ligue-1
161,Gautier Larsonneur,fr FRA,GK,28-078,32,32,2880,32.0,74,2.31,198,124,69.2,7,6,19,4,12.5,15,13,2,0,13.3,Matches,Saint-Etienne,Ligue-1
162,Đorđe Petrović,rs SRB,GK,25-216,30,30,2700,30.0,35,1.17,142,108,78.9,15,8,7,10,33.3,6,5,1,0,16.7,Matches,Strasbourg,Ligue-1
163,Karl-Johan Johnsson,se SWE,GK,35-104,3,3,270,3.0,6,2.0,22,16,77.3,1,1,1,0,0.0,1,1,0,0,0.0,Matches,Strasbourg,Ligue-1
164,Guillaume Restes,fr FRA,GK,20-062,28,28,2453,27.3,34,1.25,86,54,61.6,8,7,13,8,28.6,2,1,1,0,50.0,Matches,Toulouse,Ligue-1
165,Kjetil Haug,no NOR,GK,26-334,6,5,498,5.5,7,1.27,16,9,56.3,2,2,1,1,20.0,0,0,0,0,,Matches,Toulouse,Ligue-1
166,Álex Domínguez,es ESP,GK,26-286,1,0,19,0.2,0,0.0,0,0,,0,0,0,1,,0,0,0,0,,Matches,Toulouse,Ligue-1
167,Finn Dahmen,de GER,GK,27-046,17,17,1530,17.0,13,0.76,68,57,83.8,7,6,4,9,52.9,2,2,0,0,0.0,Matches,Augsburg,Bundesliga
168,Nediljko Labrović,hr CRO,GK,25-214,15,15,1350,15.0,32,2.13,74,42,60.8,4,4,7,2,13.3,3,3,0,0,0.0,Matches,Augsburg,Bundesliga
169,Manuel Neuer,de GER,GK,39-045,21,21,1890,21.0,15,0.71,43,28,67.4,17,4,0,12,57.1,2,1,0,1,0.0,Matches,Bayern-Munich,Bundesliga
170,Jonas Urbig,de GER,GK,21-276,8,8,720,8.0,12,1.5,28,16,57.1,4,3,1,2,25.0,0,0,0,0,,Matches,Bayern-Munich,Bundesliga
171,Daniel Peretz,il ISR,GK,24-305,3,3,270,3.0,5,1.67,7,2,28.6,2,0,1,0,0.0,0,0,0,0,,Matches,Bayern-Munich,Bundesliga
172,Sven Ulreich,de GER,GK,36-281,1,1,90,1.0,0,0.0,0,0,,1,0,0,1,100.0,0,0,0,0,,Matches,Bayern-Munich,Bundesliga
173,Patrick Drewes,de GER,GK,32-097,21,21,1890,21.0,46,2.19,99,51,56.6,2,5,14,2,9.5,5,3,2,0,40.0,Matches,Bochum,Bundesliga
174,Timo Horn,de GER,GK,32-000,12,12,1080,12.0,22,1.83,52,30,57.7,2,3,7,2,16.7,1,0,0,1,,Matches,Bochum,Bundesliga
175,Gregor Kobel,ch SUI,GK,27-157,30,30,2700,30.0,45,1.5,117,72,65.0,14,6,10,6,20.0,4,4,0,0,0.0,Matches,Dortmund,Bundesliga
176,Alexander Meyer,de GER,GK,34-029,2,2,180,2.0,4,2.0,11,7,63.6,1,0,1,0,0.0,0,0,0,0,,Matches,Dortmund,Bundesliga
177,Kevin Trapp,de GER,GK,34-308,24,24,2115,23.5,31,1.32,114,82,72.8,11,7,6,6,25.0,2,0,2,0,100.0,Matches,Eintracht-Frankfurt,Bundesliga
178,Kauã Santos,br BRA,GK,22-031,9,8,765,8.5,12,1.41,46,35,76.1,5,1,2,3,37.5,1,1,0,0,0.0,Matches,Eintracht-Frankfurt,Bundesliga
179,Noah Atubolu,de GER,GK,22-352,25,25,2217,24.6,34,1.38,114,78,70.2,12,6,7,10,40.0,2,0,2,0,100.0,Matches,Freiburg,Bundesliga
180,Florian Müller,de GER,GK,27-180,9,8,753,8.4,16,1.91,30,15,53.3,4,1,3,1,12.5,2,2,0,0,0.0,Matches,Freiburg,Bundesliga
181,Moritz Nicolas,de GER,GK,27-202,19,19,1639,18.2,25,1.37,92,69,78.3,9,4,6,4,21.1,5,5,0,0,0.0,Matches,Monchengladbach,Bundesliga
182,Jonas Omlin,ch SUI,GK,31-121,11,10,888,9.9,25,2.53,66,40,65.2,2,1,7,1,10.0,3,2,1,0,33.3,Matches,Monchengladbach,Bundesliga
183,Tiago Cardoso,lu LUX,GK,19-034,5,4,380,4.2,3,0.71,23,20,87.0,2,1,1,2,50.0,0,0,0,0,,Matches,Monchengladbach,Bundesliga
184,Tobias Sippel,de GER,GK,37-050,1,0,59,0.7,3,4.58,4,1,25.0,0,0,0,0,,0,0,0,0,,Matches,Monchengladbach,Bundesliga
185,Kevin Müller,de GER,GK,34-058,32,32,2849,31.7,60,1.9,163,103,66.3,7,5,20,7,21.9,5,5,0,0,0.0,Matches,Heidenheim,Bundesliga
186,Frank Feller,de GER,GK,21-125,2,1,121,1.3,0,0.0,2,2,100.0,1,0,0,2,200.0,0,0,0,0,,Matches,Heidenheim,Bundesliga
187,Oliver Baumann,de GER,GK,34-344,27,27,2430,27.0,49,1.81,133,83,64.7,6,8,13,4,14.8,5,2,3,0,60.0,Matches,Hoffenheim,Bundesliga
188,Luca Philipp,de GER,GK,24-165,6,6,540,6.0,15,2.5,35,21,60.0,1,3,2,0,0.0,1,1,0,0,0.0,Matches,Hoffenheim,Bundesliga
189,Timon Weiner,de GER,GK,26-114,25,25,2250,25.0,61,2.44,140,81,59.3,4,5,16,2,8.0,4,4,0,0,0.0,Matches,Holstein-Kiel,Bundesliga
190,Thomas Dähne,de GER,GK,31-128,8,8,720,8.0,16,2.0,49,33,69.4,2,2,4,0,0.0,2,1,1,0,50.0,Matches,Holstein-Kiel,Bundesliga
191,Lukáš Hrádecký,fi FIN,GK,35-168,27,27,2430,27.0,32,1.19,107,78,72.9,16,10,1,6,22.2,3,3,0,0,0.0,Matches,Bayer-Leverkusen,Bundesliga
192,Matej Kovar,cz CZE,GK,24-359,5,5,450,5.0,5,1.0,16,12,68.8,3,1,1,3,60.0,0,0,0,0,,Matches,Bayer-Leverkusen,Bundesliga
193,Robin Zentner,de GER,GK,30-196,31,31,2790,31.0,39,1.26,138,98,73.9,13,8,10,9,29.0,4,3,1,0,25.0,Matches,Mainz-05,Bundesliga
194,Lasse Rieß,de GER,GK,23-289,2,2,180,2.0,2,1.0,8,6,75.0,1,1,0,0,0.0,0,0,0,0,,Matches,Mainz-05,Bundesliga
195,Péter Gulácsi,hu HUN,GK,35-006,29,29,2541,28.2,36,1.28,130,93,73.8,12,11,6,14,48.3,3,2,1,0,33.3,Matches,RB-Leipzig,Bundesliga
196,Maarten Vandevoordt,be BEL,GK,23-075,6,4,429,4.8,9,1.89,21,12,57.1,1,1,2,0,0.0,0,0,0,0,,Matches,RB-Leipzig,Bundesliga
197,Nikola Vasilj,ba BIH,GK,29-161,32,32,2879,32.0,37,1.16,129,89,72.1,8,7,17,9,28.1,5,1,4,0,80.0,Matches,St-Pauli,Bundesliga
198,Ben Alexander Voll,de GER,"GK,MF",24-154,1,0,1,0.0,0,0.0,0,0,,0,0,0,0,,0,0,0,0,,Matches,St-Pauli,Bundesliga
199,Alexander Nübel,de GER,GK,28-224,32,32,2880,32.0,51,1.59,131,80,62.6,12,8,12,6,18.8,3,2,1,0,33.3,Matches,Stuttgart,Bundesliga
200,Frederik Rønnow,dk DEN,GK,32-281,28,28,2520,28.0,37,1.32,111,71,67.6,8,11,9,8,28.6,5,1,4,0,80.0,Matches,Union-Berlin,Bundesliga
201,Alexander Schwolow,de GER,GK,32-344,5,5,450,5.0,12,2.4,24,12,54.2,1,0,4,0,0.0,1,1,0,0,0.0,Matches,Union-Berlin,Bundesliga
202,Michael Zetterer,de GER,GK,29-304,33,33,2970,33.0,56,1.7,148,95,64.2,13,9,11,10,30.3,3,3,0,0,0.0,Matches,Werder-Bremen,Bundesliga
203,Kamil Grabara,pl POL,GK,26-124,28,28,2495,27.7,49,1.77,134,85,64.9,8,7,13,4,14.3,3,2,1,0,33.3,Matches,Wolfsburg,Bundesliga
204,Marius Müller,de GER,GK,31-304,6,5,475,5.3,5,0.95,23,18,78.3,2,3,0,1,20.0,0,0,0,0,,Matches,Wolfsburg,Bundesliga
